genome	domain	phylum	class	order	family	genus	species	source	assembly	accession	sample	substrate	country	origin	assign	database
C-03.Ssa-BR	Bacteria	Firmicutes	Bacilli	Lactobacillales	Streptococcaceae	Streptococcus	Streptococcus sp003521145	Kothe et al. 2021	MAG		raw canastra cheese	dairy	Brazil	Minas Gerais, Brazil	prokaryote	MiFoDB_gamma_v1_prok
C-R02.bin.1	Bacteria	Actinobacteriota	Actinomycetia	Actinomycetales	Micrococcaceae	Galactobacter	Galactobacter sp. 1	Kothe et al. 2021	MAG		raw canastra cheese	dairy	Brazil	Minas Gerais, Brazil	prokaryote	MiFoDB_gamma_v1_prok
C-R03.bin.7	Bacteria	Firmicutes	Bacilli	Lactobacillales	Aerococcaceae	Bavariicoccus	Bavariicoccus seileri	Kothe et al. 2021	MAG		raw canastra cheese	dairy	Brazil	Minas Gerais, Brazil	prokaryote	MiFoDB_gamma_v1_prok
C-R06.bin.10	Bacteria	Proteobacteria	Gammaproteobacteria	Enterobacterales	Enterobacteriaceae	Proteus	Proteus vulgaris	Kothe et al. 2021	MAG		raw araxa cheese	dairy	Brazil	Minas Gerais, Brazil	prokaryote	MiFoDB_gamma_v1_prok
C-R06.bin.12	Bacteria	Actinobacteriota	Actinomycetia	Actinomycetales	Dermabacteraceae	Brachybacterium	Brachybacterium alimentarium	Kothe et al. 2021	MAG		raw araxa cheese	dairy	Brazil	Minas Gerais, Brazil	prokaryote	MiFoDB_gamma_v1_prok
C-R06.bin.5	Bacteria	Proteobacteria	Gammaproteobacteria	Enterobacterales	Enterobacteriaceae	Providencia	Providencia rettgeri_A	Kothe et al. 2021	MAG		raw araxa cheese	dairy	Brazil	Minas Gerais, Brazil	prokaryote	MiFoDB_gamma_v1_prok
C-R06.bin.7	Bacteria	Proteobacteria	Gammaproteobacteria	Xanthomonadales	Xanthomonadaceae	Stenotrophomonas	Stenotrophomonas maltophilia_A	Kothe et al. 2021	MAG		raw araxa cheese	dairy	Brazil	Minas Gerais, Brazil	prokaryote	MiFoDB_gamma_v1_prok
C-R09.bin.5	Bacteria	Actinobacteriota	Actinomycetia	Propionibacteriales	Propionibacteriaceae	Acidipropionibacterium	Acidipropionibacterium acidipropionici	Kothe et al. 2021	MAG		raw araxa cheese	dairy	Brazil	Minas Gerais, Brazil	prokaryote	MiFoDB_gamma_v1_prok
C-R13.bin.1	Bacteria	Actinobacteriota	Actinomycetia	Actinomycetales	Microbacteriaceae	Microbacterium	Microbacterium sp. 1	Kothe et al. 2021	MAG		raw serro cheese	dairy	Brazil	Minas Gerais, Brazil	prokaryote	MiFoDB_gamma_v1_prok
C-R14.bin.10	Bacteria	Actinobacteriota	Actinomycetia	Actinomycetales	Brevibacteriaceae	Brevibacterium	Brevibacterium sp. 13	Kothe et al. 2021	MAG		raw serro cheese	dairy	Brazil	Minas Gerais, Brazil	prokaryote	MiFoDB_gamma_v1_prok
Imad_L-18.bin.9	Bacteria	Firmicutes	Bacilli	Lactobacillales	Lactobacillaceae	Lentilactobacillus	Lentilactobacillus kefiri	Kothe et al. 2022	MAG		labneh	dairy	Lebanon	Lebanon	prokaryote	MiFoDB_gamma_v1_prok
Imad_S-7-b.bin.11	Bacteria	Proteobacteria	Gammaproteobacteria	Enterobacterales	Aeromonadaceae	Aeromonas	Aeromonas caviae	Kothe et al. 2022	MAG		serdaleh	dairy	Lebanon	Lebanon	prokaryote	MiFoDB_gamma_v1_prok
Imad_S-8.bin.4	Bacteria	Firmicutes	Bacilli	Mycoplasmatales	Metamycoplasmataceae	Mycoplasmopsis	Mycoplasmopsis agalactiae	Kothe et al. 2022	MAG		serdaleh	dairy	Lebanon	Lebanon	prokaryote	MiFoDB_gamma_v1_prok
MAG_S8	Bacteria	Firmicutes	Bacilli	Lactobacillales	Lactobacillaceae	Lactobacillus	Lactobacillus kefiranofaciens	Kothe et al. 2022	MAG		serdaleh	dairy	Lebanon	Lebanon	prokaryote	MiFoDB_gamma_v1_prok
Nixt_bin.2	Bacteria	Firmicutes	Bacilli	Exiguobacterales	Exiguobacteraceae	Exiguobacterium	Exiguobacterium sp902362975	Kothe et al. 2023a	MAG		nixtamalized yellow pea miso	legumes	Denmark	Copenhagen, Denmark	prokaryote	MiFoDB_gamma_v1_prok
Vreta_bin.2	Bacteria	Firmicutes	Bacilli	Staphylococcales	Staphylococcaceae	Staphylococcus	Staphylococcus arlettae	Kothe et al. 2023a	MAG		Swedish vreta pea miso	legumes	Denmark	Copenhagen, Denmark	prokaryote	MiFoDB_gamma_v1_prok
L1.2_bin.2	Bacteria	Firmicutes	Bacilli	Staphylococcales	Staphylococcaceae	Staphylococcus	Staphylococcus pasteuri	Kothe et al. 2023b	MAG		novel miso	legumes	Denmark	Copenhagen, Denmark	prokaryote	MiFoDB_gamma_v1_prok
MS_bin.1	Bacteria	Firmicutes	Bacilli	Bacillales	Bacillaceae	Bacillus	Bacillus amyloliquefaciens	Kothe et al. 2023b	MAG		novel miso	legumes	Denmark	Copenhagen, Denmark	prokaryote	MiFoDB_gamma_v1_prok
NP3.2_bin.5	Bacteria	Firmicutes	Bacilli	Lactobacillales	Lactobacillaceae	Lactiplantibacillus	Lactiplantibacillus plantarum	Kothe et al. 2023b	MAG		novel miso	legumes	Denmark	Copenhagen, Denmark	prokaryote	MiFoDB_gamma_v1_prok
P.1_bin.1	Bacteria	Proteobacteria	Gammaproteobacteria	Enterobacterales	Enterobacteriaceae	Cronobacter	Cronobacter malonaticus	Kothe et al. 2023b	MAG		novel miso	legumes	Denmark	Copenhagen, Denmark	prokaryote	MiFoDB_gamma_v1_prok
PB_bin.2	Bacteria	Firmicutes	Bacilli	Staphylococcales	Staphylococcaceae	Staphylococcus	Staphylococcus warneri	Kothe et al. 2023b	MAG		novel miso	legumes	Denmark	Copenhagen, Denmark	prokaryote	MiFoDB_gamma_v1_prok
S3.2_bin.2	Bacteria	Firmicutes	Bacilli	Lactobacillales	Enterococcaceae	Tetragenococcus	Tetragenococcus sp. 1	Kothe et al. 2023b	MAG		novel miso	legumes	Denmark	Copenhagen, Denmark	prokaryote	MiFoDB_gamma_v1_prok
GCA_001747045.1_ASM174704v1_genomic	Eukaryota	Ascomycota	Saccharomycetes	Saccharomycetales	Saccharomycodaceae	Hanseniaspora	Hanseniaspora osmophila	NCBI	GenBank	GCA_001747045.1	Chardonnay must	fruit	Australia	Australia	eukaryote	MiFoDB_beta_v3_euk
GCA_003243815.1_ASM324381v1_genomic	Eukaryota	Ascomycota	Saccharomycetes	Saccharomycetales	Debaryomycetaceae	Spathaspora	Candida sake	NCBI	GenBank	GCA_003243815.1	kimchi	vegetable	South Korea	South Korea	eukaryote	MiFoDB_beta_v3_euk
GCA_003325435.1_Razy_CA_genomic	Eukaryota	Mucoromycota	Mucoromycetes	Mucorales	Rhizopodaceae	Rhizopus	Rhizopus oligosporus	NCBI	GenBank	GCA_003325435.1	Tempeh	soy	Indonesia	Indonesia	eukaryote	MiFoDB_beta_v3_euk
GCA_008274985.1_ASM827498v1_genomic	Eukaryota	Ascomycota	Eurotiomycetes	Eurotiales	Aspergillaceae	Aspergillus	Aspergillus sojae	NCBI	GenBank	GCA_008274985.1	meju	soy	South Korea	South Korea	eukaryote	MiFoDB_beta_v3_euk
GCA_009932455.1_ASM993245v1_genomic	Eukaryota	Ascomycota	Saccharomycetes	Saccharomycetales	Metschnikowiaceae	Metschnikowia	Metschnikowia pulcherrima	NCBI	GenBank	GCA_009932455.1	Fruit	fruit	United Kingdom	Bath, United Kingdom	eukaryote	MiFoDB_beta_v3_euk
GCF_000298875.1_ASM29887v1_genomic	Bacteria	Firmicutes	Bacilli	Lactobacillales	Lactobacillaceae	Leuconostoc	Leuconostoc gelidum	NCBI	RefSeq	GCF_000298875.1	Kimchi	vegetable			prokaryote	MiFoDB_gamma_v1_prok
GCF_000420365.1_ASM42036v1_genomic	Bacteria	Firmicutes	Bacilli	Lactobacillales	Lactobacillaceae	Weissella	Weissella halotolerans	NCBI	RefSeq	GCF_000420365.1	Sausage	meat			prokaryote	MiFoDB_gamma_v1_prok
GCF_000469325.1_ASM46932v1_genomic	Bacteria	Firmicutes	Bacilli	Lactobacillales	Lactobacillaceae	Schleiferilactobacillus	Schleiferilactobacillus shenzhenensis	NCBI	RefSeq	GCF_000469325.1	Fermented dairy beverage	dairy			prokaryote	MiFoDB_gamma_v1_prok
GCF_000498955.2_NMG01_genomic	Bacteria	Firmicutes	Bacilli	Lactobacillales	Lactobacillaceae	Lactiplantibacillus	Lactiplantibacillus fabifermentans	NCBI	RefSeq	GCF_000498955.2	Cocoa bean heap fermentation	seed	Ghana	Ghana	prokaryote	MiFoDB_gamma_v1_prok
GCF_000740055.1_ASM74005v1_genomic	Bacteria	Firmicutes	Bacilli	Lactobacillales	Lactobacillaceae	Secundilactobacillus	Secundilactobacillus oryzae	NCBI	RefSeq	GCF_000740055.1	Fermented rice grain	grains			prokaryote	MiFoDB_gamma_v1_prok
GCF_000785105.2_ASM78510v2_genomic	Bacteria	Firmicutes	Bacilli	Lactobacillales	Lactobacillaceae	Lentilactobacillus	Lentilactobacillus curieae	NCBI	RefSeq	GCF_000785105.2	Stinky tofu brine	legumes			prokaryote	MiFoDB_gamma_v1_prok
GCF_000817255.2_ASM81725v2_genomic	Bacteria	Proteobacteria	Alphaproteobacteria	Acetobacterales	Acetobacteraceae	Komagataeibacter	Komagataeibacter intermedius	NCBI	RefSeq	GCF_000817255.2	Kombucha	sugar	Brazil	Brazil	prokaryote	MiFoDB_gamma_v1_prok
GCF_000831645.3_ASM83164v3_genomic	Bacteria	Firmicutes	Bacilli	Lactobacillales	Lactobacillaceae	Companilactobacillus	Companilactobacillus heilongjiangensis	NCBI	RefSeq	GCF_000831645.3	Chinese pickle	vegetable	China	China	prokaryote	MiFoDB_gamma_v1_prok
GCF_000965255.1_ASM96525v1_genomic	Bacteria	Firmicutes	Bacilli	Lactobacillales	Lactobacillaceae	Levilactobacillus	Levilactobacillus spicheri	NCBI	RefSeq	GCF_000965255.1	Rice sourdough	grains			prokaryote	MiFoDB_gamma_v1_prok
GCF_001039045.1_ASM103904v1_genomic	Bacteria	Firmicutes	Bacilli	Lactobacillales	Lactobacillaceae	Lactiplantibacillus	Lactiplantibacillus herbarum	NCBI	RefSeq	GCF_001039045.1	Fermented radish	vegetable			prokaryote	MiFoDB_gamma_v1_prok
GCF_001047075.2_ASM104707v2_genomic	Bacteria	Firmicutes	Bacilli	Lactobacillales	Lactobacillaceae	Fructobacillus	Fructobacillus ficulneus	NCBI	RefSeq	GCF_001047075.2	Fig	fruit			prokaryote	MiFoDB_gamma_v1_prok
GCF_001047115.2_ASM104711v2_genomic	Bacteria	Firmicutes	Bacilli	Lactobacillales	Lactobacillaceae	Fructobacillus	Fructobacillus pseudoficulneus	NCBI	RefSeq	GCF_001047115.2	Fig	fruit			prokaryote	MiFoDB_gamma_v1_prok
GCF_001050475.1_ASM105047v1_genomic	Bacteria	Firmicutes	Bacilli	Lactobacillales	Lactobacillaceae	Companilactobacillus	Companilactobacillus ginsenosidimutans	NCBI	RefSeq	GCF_001050475.1	Kimchi	vegetable			prokaryote	MiFoDB_gamma_v1_prok
GCF_001433825.1_ASM143382v1_genomic	Bacteria	Firmicutes	Bacilli	Lactobacillales	Lactobacillaceae	Apilactobacillus	Apilactobacillus kunkeei	NCBI	RefSeq	GCF_001433825.1	Commercial grape wine undergoing a sluggish/stuck alcoholic fermentation	fruit			prokaryote	MiFoDB_gamma_v1_prok
GCF_001433995.1_ASM143399v1_genomic	Bacteria	Firmicutes	Bacilli	Lactobacillales	Lactobacillaceae	Secundilactobacillus	Secundilactobacillus kimchicus	NCBI	RefSeq	GCF_001433995.1	Kimchi	vegetable			prokaryote	MiFoDB_gamma_v1_prok
GCF_001434055.1_ASM143405v1_genomic	Bacteria	Firmicutes	Bacilli	Lactobacillales	Lactobacillaceae	Levilactobacillus	Levilactobacillus parabrevis	NCBI	RefSeq	GCF_001434055.1	Cheese	dairy			prokaryote	MiFoDB_gamma_v1_prok
GCF_001434135.1_ASM143413v1_genomic	Bacteria	Firmicutes	Bacilli	Lactobacillales	Lactobacillaceae	Lentilactobacillus	Lentilactobacillus kisonensis	NCBI	RefSeq	GCF_001434135.1	Non-salted pickle solution used in production of sunki	vegetable			prokaryote	MiFoDB_gamma_v1_prok
GCF_001434145.1_ASM143414v1_genomic	Bacteria	Firmicutes	Bacilli	Lactobacillales	Lactobacillaceae	Lentilactobacillus	Lentilactobacillus otakiensis	NCBI	RefSeq	GCF_001434145.1	Non-salted pickle solution used in production of sunki	vegetable			prokaryote	MiFoDB_gamma_v1_prok
GCF_001434295.1_ASM143429v1_genomic	Bacteria	Firmicutes	Bacilli	Lactobacillales	Lactobacillaceae	Companilactobacillus	Companilactobacillus versmoldensis	NCBI	RefSeq	GCF_001434295.1	Poultry salami	meat			prokaryote	MiFoDB_gamma_v1_prok
GCF_001434395.1_ASM143439v1_genomic	Bacteria	Firmicutes	Bacilli	Lactobacillales	Lactobacillaceae	Levilactobacillus	Levilactobacillus hammesii	NCBI	RefSeq	GCF_001434395.1	Wheat sourdough	grains			prokaryote	MiFoDB_gamma_v1_prok
GCF_001434665.1_ASM143466v1_genomic	Bacteria	Firmicutes	Bacilli	Lactobacillales	Lactobacillaceae	Companilactobacillus	Companilactobacillus tucceti	NCBI	RefSeq	GCF_001434665.1	Sausage	meat			prokaryote	MiFoDB_gamma_v1_prok
GCF_001434785.1_ASM143478v1_genomic	Bacteria	Firmicutes	Bacilli	Lactobacillales	Lactobacillaceae	Levilactobacillus	Levilactobacillus namurensis	NCBI	RefSeq	GCF_001434785.1	Sourdough	grains			prokaryote	MiFoDB_gamma_v1_prok
GCF_001434835.1_ASM143483v1_genomic	Bacteria	Firmicutes	Bacilli	Lactobacillales	Lactobacillaceae	Levilactobacillus	Levilactobacillus acidifarinae	NCBI	RefSeq	GCF_001434835.1	Artisanal wheat sourdough	grains			prokaryote	MiFoDB_gamma_v1_prok
GCF_001434895.1_ASM143489v1_genomic	Bacteria	Firmicutes	Bacilli	Lactobacillales	Lactobacillaceae	Secundilactobacillus	Secundilactobacillus odoratitofui	NCBI	RefSeq	GCF_001434895.1	Fermented brine used for stinky tofu production	legumes			prokaryote	MiFoDB_gamma_v1_prok
GCF_001434915.1_ASM143491v1_genomic	Bacteria	Firmicutes	Bacilli	Lactobacillales	Lactobacillaceae	Liquorilactobacillus	Liquorilactobacillus capillatus	NCBI	RefSeq	GCF_001434915.1	Fermented  brine used for stinky tofu production	legumes			prokaryote	MiFoDB_gamma_v1_prok
GCF_001434935.1_ASM143493v1_genomic	Bacteria	Firmicutes	Bacilli	Lactobacillales	Lactobacillaceae	Liquorilactobacillus	Liquorilactobacillus uvarum	NCBI	RefSeq	GCF_001434935.1	Must of Bobal grape variety	fruit			prokaryote	MiFoDB_gamma_v1_prok
GCF_001434985.1_ASM143498v1_genomic	Bacteria	Firmicutes	Bacilli	Lactobacillales	Lactobacillaceae	Companilactobacillus	Companilactobacillus paralimentarius	NCBI	RefSeq	GCF_001434985.1	Sourdough	grains			prokaryote	MiFoDB_gamma_v1_prok
GCF_001435195.1_ASM143519v1_genomic	Bacteria	Firmicutes	Bacilli	Lactobacillales	Lactobacillaceae	Liquorilactobacillus	Liquorilactobacillus satsumensis	NCBI	RefSeq	GCF_001435195.1	Shochu mash	grains			prokaryote	MiFoDB_gamma_v1_prok
GCF_001435395.1_ASM143539v1_genomic	Bacteria	Firmicutes	Bacilli	Lactobacillales	Lactobacillaceae	Liquorilactobacillus	Liquorilactobacillus vini	NCBI	RefSeq	GCF_001435395.1	Must of grape	fruit			prokaryote	MiFoDB_gamma_v1_prok
GCF_001435445.1_ASM143544v1_genomic	Bacteria	Firmicutes	Bacilli	Lactobacillales	Lactobacillaceae	Companilactobacillus	Companilactobacillus kimchii	NCBI	RefSeq	GCF_001435445.1	Kimchi	vegetable			prokaryote	MiFoDB_gamma_v1_prok
GCF_001435525.1_ASM143552v1_genomic	Bacteria	Firmicutes	Bacilli	Lactobacillales	Lactobacillaceae	Levilactobacillus	Levilactobacillus koreensis	NCBI	RefSeq	GCF_001435525.1	Cabbage kimchi	vegetable			prokaryote	MiFoDB_gamma_v1_prok
GCF_001435975.1_ASM143597v1_genomic	Bacteria	Firmicutes	Bacilli	Lactobacillales	Lactobacillaceae	Secundilactobacillus	Secundilactobacillus collinoides	NCBI	RefSeq	GCF_001435975.1	Fermenting apple juice	fruit			prokaryote	MiFoDB_gamma_v1_prok
GCF_001435995.1_ASM143599v1_genomic	Bacteria	Firmicutes	Bacilli	Lactobacillales	Lactobacillaceae	Apilactobacillus	Apilactobacillus ozensis	NCBI	RefSeq	GCF_001435995.1	Chrysanthemum, Oze National Park	vegetable	Japan	Oze National Park, Japan	prokaryote	MiFoDB_gamma_v1_prok
GCF_001436135.1_ASM143613v1_genomic	Bacteria	Firmicutes	Bacilli	Lactobacillales	Lactobacillaceae	Lacticaseibacillus	Lacticaseibacillus thailandensis	NCBI	RefSeq	GCF_001436135.1	Fermented tea leaves (miang)	vegetable			prokaryote	MiFoDB_gamma_v1_prok
GCF_001436255.1_ASM143625v1_genomic	Bacteria	Firmicutes	Bacilli	Lactobacillales	Lactobacillaceae	Lentilactobacillus	Lentilactobacillus rapi	NCBI	RefSeq	GCF_001436255.1	Sunki, a Japanese traditional pickle	vegetable			prokaryote	MiFoDB_gamma_v1_prok
GCF_001436275.1_ASM143627v1_genomic	Bacteria	Firmicutes	Bacilli	Lactobacillales	Lactobacillaceae	Liquorilactobacillus	Liquorilactobacillus oeni	NCBI	RefSeq	GCF_001436275.1	Bobal wine	fruit			prokaryote	MiFoDB_gamma_v1_prok
GCF_001436595.1_ASM143659v1_genomic	Bacteria	Firmicutes	Bacilli	Lactobacillales	Lactobacillaceae	Secundilactobacillus	Secundilactobacillus similis	NCBI	RefSeq	GCF_001436595.1	Fermented cane molasses at alcohol plants	fruit			prokaryote	MiFoDB_gamma_v1_prok
GCF_001436615.1_ASM143661v1_genomic	Bacteria	Firmicutes	Bacilli	Lactobacillales	Lactobacillaceae	Lacticaseibacillus	Lacticaseibacillus camelliae	NCBI	RefSeq	GCF_001436615.1	Fermented tea leaves (miang)	vegetable			prokaryote	MiFoDB_gamma_v1_prok
GCF_001436675.1_ASM143667v1_genomic	Bacteria	Firmicutes	Bacilli	Lactobacillales	Lactobacillaceae	Levilactobacillus	Levilactobacillus senmaizukei	NCBI	RefSeq	GCF_001436675.1	Senmaizuke, a Japanese pickle	vegetable	Japan	Japan	prokaryote	MiFoDB_gamma_v1_prok
GCF_001436735.1_ASM143673v1_genomic	Bacteria	Firmicutes	Bacilli	Lactobacillales	Lactobacillaceae	Liquorilactobacillus	Liquorilactobacillus cacaonum	NCBI	RefSeq	GCF_001436735.1	Cocoa bean heap fermentation	seed	Ghana	Ghana	prokaryote	MiFoDB_gamma_v1_prok
GCF_001436775.1_ASM143677v1_genomic	Bacteria	Firmicutes	Bacilli	Lactobacillales	Lactobacillaceae	Lactobacillus	Lactobacillus acetotolerans	NCBI	RefSeq	GCF_001436775.1	Fermented Vinegar Broth	fruit			prokaryote	MiFoDB_gamma_v1_prok
GCF_001437055.1_ASM143705v1_genomic	Bacteria	Firmicutes	Bacilli	Lactobacillales	Lactobacillaceae	Limosilactobacillus	Limosilactobacillus secaliphilus	NCBI	RefSeq	GCF_001437055.1	Sourdough	grains			prokaryote	MiFoDB_gamma_v1_prok
GCF_001437605.1_ASM143760v1_genomic	Bacteria	Firmicutes	Bacilli	Lactobacillales	Lactobacillaceae	Pediococcus	Pediococcus argentinicus	NCBI	RefSeq	GCF_001437605.1	Fermented wheat flour	grains			prokaryote	MiFoDB_gamma_v1_prok
GCF_001438705.1_ASM143870v1_genomic	Bacteria	Firmicutes	Bacilli	Lactobacillales	Lactobacillaceae	Weissella	Weissella kandleri	NCBI	RefSeq	GCF_001438705.1	Fermented sausages	meat			prokaryote	MiFoDB_gamma_v1_prok
GCF_001438805.1_ASM143880v1_genomic	Bacteria	Firmicutes	Bacilli	Lactobacillales	Lactobacillaceae	Companilactobacillus	Companilactobacillus kimchiensis	NCBI	RefSeq	GCF_001438805.1	Kimchi	vegetable			prokaryote	MiFoDB_gamma_v1_prok
GCF_001438845.1_ASM143884v1_genomic	Bacteria	Firmicutes	Bacilli	Lactobacillales	Lactobacillaceae	Lactiplantibacillus	Lactiplantibacillus xiangfangensis	NCBI	RefSeq	GCF_001438845.1	Chinese pickle	vegetable	China	China	prokaryote	MiFoDB_gamma_v1_prok
GCF_001702115.1_ASM170211v1_genomic	Bacteria	Firmicutes	Bacilli	Lactobacillales	Lactobacillaceae	Fructilactobacillus	Fructilactobacillus lindneri	NCBI	RefSeq	GCF_001702115.1	Beer	grains			prokaryote	MiFoDB_gamma_v1_prok
GCF_001702155.1_ASM170215v1_genomic	Bacteria	Firmicutes	Bacilli	Lactobacillales	Lactobacillaceae	Secundilactobacillus	Secundilactobacillus paracollinoides	NCBI	RefSeq	GCF_001702155.1	Beer	grains			prokaryote	MiFoDB_gamma_v1_prok
GCF_001971585.1_ASM197158v1_genomic	Bacteria	Firmicutes	Bacilli	Lactobacillales	Lactobacillaceae	Companilactobacillus	Companilactobacillus allii	NCBI	RefSeq	GCF_001971585.1	Scallion kimchi	vegetable			prokaryote	MiFoDB_gamma_v1_prok
GCF_002276885.1_ASM227688v1_genomic	Bacteria	Firmicutes	Bacilli	Lactobacillales	Lactobacillaceae	Lentilactobacillus	Lentilactobacillus parakefiri	NCBI	RefSeq	GCF_002276885.1	Kefir grain	dairy			prokaryote	MiFoDB_gamma_v1_prok
GCF_002872255.1_ASM287225v1_genomic	Bacteria	Firmicutes	Bacilli	Lactobacillales	Lactobacillaceae	Companilactobacillus	Companilactobacillus nuruki	NCBI	RefSeq	GCF_002872255.1	nuruk	grains			prokaryote	MiFoDB_gamma_v1_prok
GCF_003124125.1_ASM312412v1_genomic	Bacteria	Firmicutes	Bacilli	Lactobacillales	Lactobacillaceae	Levilactobacillus	Levilactobacillus bambusae	NCBI	RefSeq	GCF_003124125.1	Traditional fermented bamboo shoots	vegetable			prokaryote	MiFoDB_gamma_v1_prok
GCF_003353445.1_ASM335344v1_genomic	Bacteria	Firmicutes	Bacilli	Lactobacillales	Lactobacillaceae	Weissella	Weissella soli	NCBI	RefSeq	GCF_003353445.1	Kimchi	vegetable			prokaryote	MiFoDB_gamma_v1_prok
GCF_003573535.1_ASM357353v1_genomic	Bacteria	Firmicutes	Bacilli	Lactobacillales	Lactobacillaceae	Companilactobacillus	Companilactobacillus formosensis	NCBI	RefSeq	GCF_003573535.1	Fermented soybean meal	legumes			prokaryote	MiFoDB_gamma_v1_prok
GCF_003946015.1_ASM394601v1_genomic	Bacteria	Firmicutes	Bacilli	Lactobacillales	Lactobacillaceae	Companilactobacillus	Companilactobacillus insicii	NCBI	RefSeq	GCF_003946015.1	Pork salami	meat			prokaryote	MiFoDB_gamma_v1_prok
GCF_003946025.1_ASM394602v1_genomic	Bacteria	Firmicutes	Bacilli	Lactobacillales	Lactobacillaceae	Lacticaseibacillus	Lacticaseibacillus songhuajiangensis	NCBI	RefSeq	GCF_003946025.1	Chinese traditional pickle and sourdough	vegetable	China	China	prokaryote	MiFoDB_gamma_v1_prok
GCF_003946045.1_ASM394604v1_genomic	Bacteria	Firmicutes	Bacilli	Lactobacillales	Lactobacillaceae	Levilactobacillus	Levilactobacillus mulengensis	NCBI	RefSeq	GCF_003946045.1	Chinese traditional pickle	vegetable	China	China	prokaryote	MiFoDB_gamma_v1_prok
GCF_003946085.1_ASM394608v1_genomic	Bacteria	Firmicutes	Bacilli	Lactobacillales	Lactobacillaceae	Levilactobacillus	Levilactobacillus angrenensis	NCBI	RefSeq	GCF_003946085.1	fermented dairy beverage	dairy			prokaryote	MiFoDB_gamma_v1_prok
GCF_003946095.1_ASM394609v1_genomic	Bacteria	Firmicutes	Bacilli	Lactobacillales	Lactobacillaceae	Levilactobacillus	Levilactobacillus lindianensis	NCBI	RefSeq	GCF_003946095.1	Chinese traditional pickle	vegetable	China	China	prokaryote	MiFoDB_gamma_v1_prok
GCF_003946115.1_ASM394611v1_genomic	Bacteria	Firmicutes	Bacilli	Lactobacillales	Lactobacillaceae	Lacticaseibacillus	Lacticaseibacillus daqingensis	NCBI	RefSeq	GCF_003946115.1	Pickle	vegetable			prokaryote	MiFoDB_gamma_v1_prok
GCF_003946145.1_ASM394614v1_genomic	Bacteria	Firmicutes	Bacilli	Lactobacillales	Lactobacillaceae	Levilactobacillus	Levilactobacillus huananensis	NCBI	RefSeq	GCF_003946145.1	Chinese traditional pickle	vegetable	China	China	prokaryote	MiFoDB_gamma_v1_prok
GCF_003946165.1_ASM394616v1_genomic	Bacteria	Firmicutes	Bacilli	Lactobacillales	Lactobacillaceae	Lacticaseibacillus	Lacticaseibacillus baoqingensis	NCBI	RefSeq	GCF_003946165.1	Chinese traditional pickle	vegetable	China	China	prokaryote	MiFoDB_gamma_v1_prok
GCF_003946175.1_ASM394617v1_genomic	Bacteria	Firmicutes	Bacilli	Lactobacillales	Lactobacillaceae	Lacticaseibacillus	Lacticaseibacillus suibinensis	NCBI	RefSeq	GCF_003946175.1	Pickle	vegetable			prokaryote	MiFoDB_gamma_v1_prok
GCF_003946205.1_ASM394620v1_genomic	Bacteria	Firmicutes	Bacilli	Lactobacillales	Lactobacillaceae	Companilactobacillus	Companilactobacillus keshanensis	NCBI	RefSeq	GCF_003946205.1	Pickle	vegetable			prokaryote	MiFoDB_gamma_v1_prok
GCF_003946215.1_ASM394621v1_genomic	Bacteria	Firmicutes	Bacilli	Lactobacillales	Lactobacillaceae	Lapidilactobacillus	Lapidilactobacillus mulanensis	NCBI	RefSeq	GCF_003946215.1	Pickle	vegetable			prokaryote	MiFoDB_gamma_v1_prok
GCF_003946265.1_ASM394626v1_genomic	Bacteria	Firmicutes	Bacilli	Lactobacillales	Lactobacillaceae	Levilactobacillus	Levilactobacillus yonginensis	NCBI	RefSeq	GCF_003946265.1	Kimchi	vegetable			prokaryote	MiFoDB_gamma_v1_prok
GCF_003946305.1_ASM394630v1_genomic	Bacteria	Firmicutes	Bacilli	Lactobacillales	Lactobacillaceae	Lacticaseibacillus	Lacticaseibacillus porcinae	NCBI	RefSeq	GCF_003946305.1	Traditional Vietnamese nem chua	meat	Vietnam	Vietnam	prokaryote	MiFoDB_gamma_v1_prok
GCF_003946325.1_ASM394632v1_genomic	Bacteria	Firmicutes	Bacilli	Lactobacillales	Lactobacillaceae	Companilactobacillus	Companilactobacillus furfuricola	NCBI	RefSeq	GCF_003946325.1	Rice bran paste	grains			prokaryote	MiFoDB_gamma_v1_prok
GCF_003946335.1_ASM394633v1_genomic	Bacteria	Firmicutes	Bacilli	Lactobacillales	Lactobacillaceae	Levilactobacillus	Levilactobacillus fujinensis	NCBI	RefSeq	GCF_003946335.1	Chinese traditional pickle	vegetable	China	China	prokaryote	MiFoDB_gamma_v1_prok
GCF_003946345.1_ASM394634v1_genomic	Bacteria	Firmicutes	Bacilli	Lactobacillales	Lactobacillaceae	Levilactobacillus	Levilactobacillus tongjiangensis	NCBI	RefSeq	GCF_003946345.1	Chinese traditional pickle	vegetable	China	China	prokaryote	MiFoDB_gamma_v1_prok
GCF_003946385.1_ASM394638v1_genomic	Bacteria	Firmicutes	Bacilli	Lactobacillales	Lactobacillaceae	Loigolactobacillus	Loigolactobacillus zhaoyuanensis	NCBI	RefSeq	GCF_003946385.1	Chinese traditional pickle	vegetable	China	China	prokaryote	MiFoDB_gamma_v1_prok
GCF_003946395.1_ASM394639v1_genomic	Bacteria	Firmicutes	Bacilli	Lactobacillales	Lactobacillaceae	Levilactobacillus	Levilactobacillus fuyuanensis	NCBI	RefSeq	GCF_003946395.1	Chinese traditional pickle	vegetable	China	China	prokaryote	MiFoDB_gamma_v1_prok
GCF_003946405.1_ASM394640v1_genomic	Bacteria	Firmicutes	Bacilli	Lactobacillales	Lactobacillaceae	Lacticaseibacillus	Lacticaseibacillus yichunensis	NCBI	RefSeq	GCF_003946405.1	Pickle	vegetable			prokaryote	MiFoDB_gamma_v1_prok
GCF_003946445.1_ASM394644v1_genomic	Bacteria	Firmicutes	Bacilli	Lactobacillales	Lactobacillaceae	Loigolactobacillus	Loigolactobacillus jiayinensis	NCBI	RefSeq	GCF_003946445.1	Chinese traditional pickle	vegetable	China	China	prokaryote	MiFoDB_gamma_v1_prok
GCF_003946465.1_ASM394646v1_genomic	Bacteria	Firmicutes	Bacilli	Lactobacillales	Lactobacillaceae	Lacticaseibacillus	Lacticaseibacillus hegangensis	NCBI	RefSeq	GCF_003946465.1	Pickle	vegetable			prokaryote	MiFoDB_gamma_v1_prok
GCF_003946485.1_ASM394648v1_genomic	Bacteria	Firmicutes	Bacilli	Lactobacillales	Lactobacillaceae	Lacticaseibacillus	Lacticaseibacillus jixianensis	NCBI	RefSeq	GCF_003946485.1	Chinese traditional pickle	vegetable	China	China	prokaryote	MiFoDB_gamma_v1_prok
GCF_003946505.1_ASM394650v1_genomic	Bacteria	Firmicutes	Bacilli	Lactobacillales	Lactobacillaceae	Companilactobacillus	Companilactobacillus mishanensis	NCBI	RefSeq	GCF_003946505.1	Pickle	vegetable			prokaryote	MiFoDB_gamma_v1_prok
GCF_003946515.1_ASM394651v1_genomic	Bacteria	Firmicutes	Bacilli	Lactobacillales	Lactobacillaceae	Companilactobacillus	Companilactobacillus zhongbaensis subsp. 2	NCBI	RefSeq	GCF_003946515.1	Pickle	vegetable			prokaryote	MiFoDB_gamma_v1_prok
GCF_003946545.1_ASM394654v1_genomic	Bacteria	Firmicutes	Bacilli	Lactobacillales	Lactobacillaceae	Levilactobacillus	Levilactobacillus tangyuanensis	NCBI	RefSeq	GCF_003946545.1	Chinese traditional pickle	vegetable	China	China	prokaryote	MiFoDB_gamma_v1_prok
GCF_003946555.1_ASM394655v1_genomic	Bacteria	Firmicutes	Bacilli	Lactobacillales	Lactobacillaceae	Companilactobacillus	Companilactobacillus hulinensis	NCBI	RefSeq	GCF_003946555.1	Pickle	vegetable			prokaryote	MiFoDB_gamma_v1_prok
GCF_003946575.1_ASM394657v1_genomic	Bacteria	Firmicutes	Bacilli	Lactobacillales	Lactobacillaceae	Companilactobacillus	Companilactobacillus jidongensis	NCBI	RefSeq	GCF_003946575.1	Pickle	vegetable			prokaryote	MiFoDB_gamma_v1_prok
GCF_003946605.1_ASM394660v1_genomic	Bacteria	Firmicutes	Bacilli	Lactobacillales	Lactobacillaceae	Companilactobacillus	Companilactobacillus baiquanensis	NCBI	RefSeq	GCF_003946605.1	Pickle	vegetable			prokaryote	MiFoDB_gamma_v1_prok
GCF_003946625.1_ASM394662v1_genomic	Bacteria	Firmicutes	Bacilli	Lactobacillales	Lactobacillaceae	Companilactobacillus	Companilactobacillus kedongensis	NCBI	RefSeq	GCF_003946625.1	Pickle	vegetable			prokaryote	MiFoDB_gamma_v1_prok
GCF_003946645.1_ASM394664v1_genomic	Bacteria	Firmicutes	Bacilli	Lactobacillales	Lactobacillaceae	Lapidilactobacillus	Lapidilactobacillus wuchangensis	NCBI	RefSeq	GCF_003946645.1	Pickle	vegetable			prokaryote	MiFoDB_gamma_v1_prok
GCF_003946655.1_ASM394665v1_genomic	Bacteria	Firmicutes	Bacilli	Lactobacillales	Lactobacillaceae	Lapidilactobacillus	Lapidilactobacillus achengensis	NCBI	RefSeq	GCF_003946655.1	Pickle	vegetable			prokaryote	MiFoDB_gamma_v1_prok
GCF_003946675.1_ASM394667v1_genomic	Bacteria	Firmicutes	Bacilli	Lactobacillales	Lactobacillaceae	Lapidilactobacillus	Lapidilactobacillus gannanensis	NCBI	RefSeq	GCF_003946675.1	Pickle	vegetable			prokaryote	MiFoDB_gamma_v1_prok
GCF_003946695.1_ASM394669v1_genomic	Bacteria	Firmicutes	Bacilli	Lactobacillales	Lactobacillaceae	Lapidilactobacillus	Lapidilactobacillus bayanensis	NCBI	RefSeq	GCF_003946695.1	Pickle	vegetable			prokaryote	MiFoDB_gamma_v1_prok
GCF_003946725.1_ASM394672v1_genomic	Bacteria	Firmicutes	Bacilli	Lactobacillales	Lactobacillaceae	Agrilactobacillus	Agrilactobacillus yilanensis	NCBI	RefSeq	GCF_003946725.1	Pickle	vegetable			prokaryote	MiFoDB_gamma_v1_prok
GCF_003967595.1_ASM396759v1_genomic	Bacteria	Firmicutes	Bacilli	Lactobacillales	Lactobacillaceae	Companilactobacillus	Companilactobacillus musae	NCBI	RefSeq	GCF_003967595.1	Banana fruits	fruit			prokaryote	MiFoDB_gamma_v1_prok
GCF_004010095.1_ASM401009v1_genomic	Bacteria	Firmicutes	Bacilli	Lactobacillales	Lactobacillaceae	Lacticaseibacillus	Lacticaseibacillus hulanensis	NCBI	RefSeq	GCF_004010095.1	pickle	vegetable			prokaryote	MiFoDB_gamma_v1_prok
GCF_004102045.2_ASM410204v2_genomic	Bacteria	Firmicutes	Bacilli	Lactobacillales	Lactobacillaceae	Oenococcus	Oenococcus sicerae	NCBI	RefSeq	GCF_004102045.2	Apple juice in fermentation (cider)	fruit			prokaryote	MiFoDB_gamma_v1_prok
GCF_004745505.1_ASM474550v1_genomic	Bacteria	Firmicutes	Bacilli	Lactobacillales	Lactobacillaceae	Levilactobacillus	Levilactobacillus suantsaiihabitans	NCBI	RefSeq	GCF_004745505.1	suan tsai, fermented vegetables	vegetable			prokaryote	MiFoDB_gamma_v1_prok
GCF_004745525.1_ASM474552v1_genomic	Bacteria	Firmicutes	Bacilli	Lactobacillales	Lactobacillaceae	Companilactobacillus	Companilactobacillus suantsaicola	NCBI	RefSeq	GCF_004745525.1	suan tsai, fermented vegetables	vegetable			prokaryote	MiFoDB_gamma_v1_prok
GCF_004771075.1_ASM477107v1_genomic	Bacteria	Firmicutes	Bacilli	Lactobacillales	Lactobacillaceae	Weissella	Weissella confusa	NCBI	RefSeq	GCF_004771075.1	Cabbage	vegetable			prokaryote	MiFoDB_gamma_v1_prok
GCF_005404815.1_ASM540481v1_genomic	Bacteria	Firmicutes	Bacilli	Lactobacillales	Lactobacillaceae	Companilactobacillus	Companilactobacillus huachuanensis	NCBI	RefSeq	GCF_005404815.1	Pickle	vegetable			prokaryote	MiFoDB_gamma_v1_prok
GCF_005404945.1_ASM540494v1_genomic	Bacteria	Firmicutes	Bacilli	Lactobacillales	Lactobacillaceae	Lactiplantibacillus	Lactiplantibacillus pingfangensis	NCBI	RefSeq	GCF_005404945.1	Pickle	vegetable			prokaryote	MiFoDB_gamma_v1_prok
GCF_005405005.1_ASM540500v1_genomic	Bacteria	Firmicutes	Bacilli	Lactobacillales	Lactobacillaceae	Lactiplantibacillus	Lactiplantibacillus daoliensis	NCBI	RefSeq	GCF_005405005.1	Pickle	vegetable			prokaryote	MiFoDB_gamma_v1_prok
GCF_005405065.1_ASM540506v1_genomic	Bacteria	Firmicutes	Bacilli	Lactobacillales	Lactobacillaceae	Lactiplantibacillus	Lactiplantibacillus nangangensis	NCBI	RefSeq	GCF_005405065.1	Pickle	vegetable			prokaryote	MiFoDB_gamma_v1_prok
GCF_005405085.1_ASM540508v1_genomic	Bacteria	Firmicutes	Bacilli	Lactobacillales	Lactobacillaceae	Lactiplantibacillus	Lactiplantibacillus daowaiensis	NCBI	RefSeq	GCF_005405085.1	Pickle	vegetable			prokaryote	MiFoDB_gamma_v1_prok
GCF_005405105.1_ASM540510v1_genomic	Bacteria	Firmicutes	Bacilli	Lactobacillales	Lactobacillaceae	Lactiplantibacillus	Lactiplantibacillus dongliensis	NCBI	RefSeq	GCF_005405105.1	Pickle	vegetable			prokaryote	MiFoDB_gamma_v1_prok
GCF_005405125.1_ASM540512v1_genomic	Bacteria	Firmicutes	Bacilli	Lactobacillales	Lactobacillaceae	Lactiplantibacillus	Lactiplantibacillus songbeiensis	NCBI	RefSeq	GCF_005405125.1	Pickle	vegetable			prokaryote	MiFoDB_gamma_v1_prok
GCF_005405145.1_ASM540514v1_genomic	Bacteria	Firmicutes	Bacilli	Lactobacillales	Lactobacillaceae	Paucilactobacillus	Paucilactobacillus kaifaensis	NCBI	RefSeq	GCF_005405145.1	Pickle	vegetable			prokaryote	MiFoDB_gamma_v1_prok
GCF_005405165.1_ASM540516v1_genomic	Bacteria	Firmicutes	Bacilli	Lactobacillales	Lactobacillaceae	Loigolactobacillus	Loigolactobacillus binensis	NCBI	RefSeq	GCF_005405165.1	Pickle	vegetable			prokaryote	MiFoDB_gamma_v1_prok
GCF_005405385.1_ASM540538v1_genomic	Bacteria	Firmicutes	Bacilli	Lactobacillales	Lactobacillaceae	Lactiplantibacillus	Lactiplantibacillus mudanjiangensis	NCBI	RefSeq	GCF_005405385.1	Pickle	vegetable			prokaryote	MiFoDB_gamma_v1_prok
GCF_005405405.1_ASM540540v1_genomic	Bacteria	Firmicutes	Bacilli	Lactobacillales	Lactobacillaceae	Lactiplantibacillus	Lactiplantibacillus plajomi	NCBI	RefSeq	GCF_005405405.1	Fermented fish	seafood			prokaryote	MiFoDB_gamma_v1_prok
GCF_005405425.1_ASM540542v1_genomic	Bacteria	Firmicutes	Bacilli	Lactobacillales	Lactobacillaceae	Lactiplantibacillus	Lactiplantibacillus modestisalitolerans	NCBI	RefSeq	GCF_005405425.1	Fermented fish	seafood			prokaryote	MiFoDB_gamma_v1_prok
GCF_006007945.1_ASM600794v1_genomic	Bacteria	Firmicutes	Bacilli	Lactobacillales	Lactobacillaceae	Companilactobacillus	Companilactobacillus futsaii	NCBI	RefSeq	GCF_006007945.1	Fu-tsai, a traditional fermented mustard product	vegetable			prokaryote	MiFoDB_gamma_v1_prok
GCF_006740305.1_ASM674030v1_genomic	Bacteria	Firmicutes	Bacilli	Lactobacillales	Lactobacillaceae	Lactobacillus	Lactobacillus delbrueckii	NCBI	RefSeq	GCF_006740305.1	Sour grain mash	grains			prokaryote	MiFoDB_gamma_v1_prok
GCF_007115095.1_ASM711509v1_genomic	Bacteria	Firmicutes	Bacilli	Lactobacillales	Lactobacillaceae	Levilactobacillus	Levilactobacillus enshiensis	NCBI	RefSeq	GCF_007115095.1	fermented vegetables	vegetable			prokaryote	MiFoDB_gamma_v1_prok
GCF_007954525.1_ASM795452v1_genomic	Bacteria	Firmicutes	Bacilli	Lactobacillales	Lactobacillaceae	Leuconostoc	Leuconostoc carnosum	NCBI	RefSeq	GCF_007954525.1	Kimchi	vegetable			prokaryote	MiFoDB_gamma_v1_prok
GCF_007989765.1_ASM798976v1_genomic	Bacteria	Firmicutes	Bacilli	Lactobacillales	Lactobacillaceae	Furfurilactobacillus	Furfurilactobacillus siliginis	NCBI	RefSeq	GCF_007989765.1	Wheat sourdough	grains			prokaryote	MiFoDB_gamma_v1_prok
GCF_007991935.1_ASM799193v1_genomic	Bacteria	Firmicutes	Bacilli	Lactobacillales	Lactobacillaceae	Companilactobacillus	Companilactobacillus nantensis	NCBI	RefSeq	GCF_007991935.1	Wheat sourdough	grains			prokaryote	MiFoDB_gamma_v1_prok
GCF_007992055.1_ASM799205v1_genomic	Bacteria	Firmicutes	Bacilli	Lactobacillales	Lactobacillaceae	Companilactobacillus	Companilactobacillus mindensis	NCBI	RefSeq	GCF_007992055.1	Sourdough	grains			prokaryote	MiFoDB_gamma_v1_prok
GCF_008033155.1_ASM803315v1_genomic	Bacteria	Firmicutes	Bacilli	Lactobacillales	Lactobacillaceae	Secundilactobacillus	Secundilactobacillus malefermentans	NCBI	RefSeq	GCF_008033155.1	Kimchi	vegetable			prokaryote	MiFoDB_gamma_v1_prok
GCF_008632615.1_ASM863261v1_genomic	Bacteria	Firmicutes	Bacilli	Lactobacillales	Lactobacillaceae	Paucilactobacillus	Paucilactobacillus nenjiangensis	NCBI	RefSeq	GCF_008632615.1	Fermented vegetables	vegetable			prokaryote	MiFoDB_gamma_v1_prok
GCF_008694105.1_ASM869410v1_genomic	Bacteria	Firmicutes	Bacilli	Lactobacillales	Lactobacillaceae	Schleiferilactobacillus	Schleiferilactobacillus harbinensis	NCBI	RefSeq	GCF_008694105.1	Makgeolli	grains			prokaryote	MiFoDB_gamma_v1_prok
GCF_008876665.1_ASM887666v1_genomic	Bacteria	Firmicutes	Bacilli	Lactobacillales	Lactobacillaceae	Limosilactobacillus	Limosilactobacillus frumenti	NCBI	RefSeq	GCF_008876665.1	Rye-bran sourdough	grains			prokaryote	MiFoDB_gamma_v1_prok
GCF_009184845.1_ASM918484v1_genomic	Bacteria	Firmicutes	Bacilli	Lactobacillales	Lactobacillaceae	Lacticaseibacillus	Lacticaseibacillus manihotivorans	NCBI	RefSeq	GCF_009184845.1	Cassava sour starch fermentation	vegetable			prokaryote	MiFoDB_gamma_v1_prok
GCF_009295845.1_ASM929584v1_genomic	Bacteria	Firmicutes	Bacilli	Lactobacillales	Lactobacillaceae	Levilactobacillus	Levilactobacillus zymae	NCBI	RefSeq	GCF_009295845.1	Artisanal wheat sourdough	grains			prokaryote	MiFoDB_gamma_v1_prok
GCF_009428965.1_ASM942896v1_genomic	Bacteria	Firmicutes	Bacilli	Lactobacillales	Lactobacillaceae	Limosilactobacillus	Limosilactobacillus pontis	NCBI	RefSeq	GCF_009428965.1	Rye sourdough	grains			prokaryote	MiFoDB_gamma_v1_prok
GCF_009913915.1_ASM991391v1_genomic	Bacteria	Firmicutes	Bacilli	Lactobacillales	Lactobacillaceae	Leuconostoc	Leuconostoc mesenteroides	NCBI	RefSeq	GCF_009913915.1	Gochujang	vegetable			prokaryote	MiFoDB_gamma_v1_prok
GCF_011074885.1_ASM1107488v2_genomic	Eukaryota	Ascomycota	Saccharomycetes	Saccharomycetales	Pichiaceae	Brettanomyces	Brettanomyces bruxellensis	NCBI	RefSeq	GCF_011074885.1	Fruit wine	fruit	Australia	Thailand	eukaryote	MiFoDB_beta_v3_euk
GCF_011516835.1_ASM1151683v1_genomic	Bacteria	Proteobacteria	Alphaproteobacteria	Acetobacterales	Acetobacteraceae	Acetobacter	Acetobacter musti	NCBI	RefSeq	GCF_011516835.1	Isolated organism	fruit	Belgium	Spain	prokaryote	MiFoDB_gamma_v1_prok
GCF_012396435.1_ASM1239643v1_genomic	Bacteria	Firmicutes	Bacilli	Lactobacillales	Lactobacillaceae	Weissella	Weissella hellenica	NCBI	RefSeq	GCF_012396435.1	Dry naturally fermented Greek sausage	meat	Greece	Greece	prokaryote	MiFoDB_gamma_v1_prok
GCF_013127755.1_ASM1312775v1_genomic	Bacteria	Firmicutes	Bacilli	Lactobacillales	Lactobacillaceae	Pediococcus	Pediococcus acidilactici	NCBI	RefSeq	GCF_013127755.1	Kimchi	vegetable			prokaryote	MiFoDB_gamma_v1_prok
GCF_014843995.1_ASM1484399v1_genomic	Bacteria	Proteobacteria	Alphaproteobacteria	Acetobacterales	Acetobacteraceae	Komagataeibacter	Komagataeibacter hansenii	NCBI	RefSeq	GCF_014843995.1	Tibicos	sugar	Russia	Russia	prokaryote	MiFoDB_gamma_v1_prok
GCF_019655995.1_ASM1965599v1_genomic	Bacteria	Firmicutes	Bacilli	Lactobacillales	Lactobacillaceae	Leuconostoc	Leuconostoc holzapfelii	NCBI	RefSeq	GCF_019655995.1	Ethiopian coffee fermentation	seed			prokaryote	MiFoDB_gamma_v1_prok
GCF_019656015.1_ASM1965601v1_genomic	Bacteria	Firmicutes	Bacilli	Lactobacillales	Lactobacillaceae	Leuconostoc	Leuconostoc inhae	NCBI	RefSeq	GCF_019656015.1	Kimchi	vegetable			prokaryote	MiFoDB_gamma_v1_prok
GCF_019656055.1_ASM1965605v1_genomic	Bacteria	Firmicutes	Bacilli	Lactobacillales	Lactobacillaceae	Leuconostoc	Leuconostoc miyukkimchii	NCBI	RefSeq	GCF_019656055.1	Brown algae kimchi	vegetable			prokaryote	MiFoDB_gamma_v1_prok
GCF_019656075.1_ASM1965607v1_genomic	Bacteria	Firmicutes	Bacilli	Lactobacillales	Lactobacillaceae	Leuconostoc	Leuconostoc palmae	NCBI	RefSeq	GCF_019656075.1	Palm wine	fruit			prokaryote	MiFoDB_gamma_v1_prok
GCF_020510245.1_ASM2051024v1_genomic	Bacteria	Firmicutes	Bacilli	Lactobacillales	Lactobacillaceae	Oenococcus	Oenococcus oeni	NCBI	RefSeq	GCF_020510245.1	Wine	fruit			prokaryote	MiFoDB_gamma_v1_prok
GCF_025211165.1_ASM2521116v1_genomic	Bacteria	Firmicutes	Bacilli	Lactobacillales	Lactobacillaceae	Weissella_A	Weissella_A beninensis	NCBI	RefSeq	GCF_025211165.1	Fermented cassava	vegetable			prokaryote	MiFoDB_gamma_v1_prok
GCF_029025825.1_ASM2902582v1_genomic	Bacteria	Firmicutes	Bacilli	Lactobacillales	Lactobacillaceae	Lactiplantibacillus	Lactiplantibacillus paraplantarum	NCBI	RefSeq	GCF_029025825.1	Fermented pepper	vegetable			prokaryote	MiFoDB_gamma_v1_prok
GCF_900116935.1_Chromosome_genomic	Bacteria	Firmicutes	Bacilli	Lactobacillales	Lactobacillaceae	Ligilactobacillus	Ligilactobacillus acidipiscis	NCBI	RefSeq	GCF_900116935.1	Kopanisti cheese	dairy			prokaryote	MiFoDB_gamma_v1_prok
GCF_918814575.1_ASM91881457v1_genomic	Bacteria	Firmicutes	Bacilli	Lactobacillales	Lactobacillaceae	Periweissella	Periweissella fabaria	NCBI	RefSeq	GCF_918814575.1	Cocoa bean fermentation, Ghana	seed	Ghana	Ghana	prokaryote	MiFoDB_gamma_v1_prok
GCF_918814755.1_ASM91881475v1_genomic	Bacteria	Firmicutes	Bacilli	Lactobacillales	Lactobacillaceae	Periweissella	Periweissella ghanensis	NCBI	RefSeq	GCF_918814755.1	Cocoa bean fermentation, Ghana	seed	Ghana	Ghana	prokaryote	MiFoDB_gamma_v1_prok
MacoriG_2019__CS_2__bin.6	Bacteria	Proteobacteria	Gammaproteobacteria	Pseudomonadales	Moraxellaceae	Psychrobacter	Psychrobacter sp. 1	Pasolli et al. 2020	MAG		cheese, tomme	dairy	Italy	Italy	prokaryote	MiFoDB_gamma_v1_prok
MacoriG_2019__CS_40__bin.4	Bacteria	Proteobacteria	Gammaproteobacteria	Enterobacterales	Alteromonadaceae	Idiomarina	Idiomarina sp. 1	Pasolli et al. 2020	MAG		cheese, stretched-curd cheese	dairy	Italy	Italy	prokaryote	MiFoDB_gamma_v1_prok
MacoriG_2019__CS_9__bin.3	Bacteria	Proteobacteria	Gammaproteobacteria	Enterobacterales	Enterobacteriaceae	Citrobacter	Citrobacter freundii	Pasolli et al. 2020	MAG		cheese, cheddar	dairy	Italy	Italy	prokaryote	MiFoDB_gamma_v1_prok
MacoriG_2019__CS_R32__bin.3	Bacteria	Proteobacteria	Gammaproteobacteria	Pseudomonadales	Moraxellaceae	Psychrobacter	Psychrobacter namhaensis	Pasolli et al. 2020	MAG		cheese, smoked cheese	dairy	Italy	Italy	prokaryote	MiFoDB_gamma_v1_prok
MacoriG_2019__CS_R33__bin.1	Bacteria	Proteobacteria	Gammaproteobacteria	Enterobacterales	Vibrionaceae	Vibrio	Vibrio hibernica	Pasolli et al. 2020	MAG		cheese, brie	dairy	Italy	Italy	prokaryote	MiFoDB_gamma_v1_prok
MacoriG_2019__CS_R42__bin.6	Bacteria	Proteobacteria	Gammaproteobacteria	Enterobacterales	Vibrionaceae	Vibrio	Vibrio toranzoniae	Pasolli et al. 2020	MAG		cheese, mild	dairy	Italy	Italy	prokaryote	MiFoDB_gamma_v1_prok
MacoriG_2019__CS_R44__bin.13	Bacteria	Actinobacteriota	Actinomycetia	Actinomycetales	Dermabacteraceae	Brachybacterium	Brachybacterium sp. 13	Pasolli et al. 2020	MAG		cheese, tomme	dairy	Italy	Italy	prokaryote	MiFoDB_gamma_v1_prok
MacoriG_2019__CS_R46__bin.2	Bacteria	Proteobacteria	Gammaproteobacteria	Pseudomonadales	Moraxellaceae	Psychrobacter	Psychrobacter sp014861395	Pasolli et al. 2020	MAG		cheese, brie	dairy	Italy	Italy	prokaryote	MiFoDB_gamma_v1_prok
MacoriG_2019__CS_R4__bin.7	Bacteria	Proteobacteria	Gammaproteobacteria	Enterobacterales	Enterobacteriaceae	Proteus	Proteus sp.	Pasolli et al. 2020	MAG		cheese, hard cheese	dairy	Italy	Italy	prokaryote	MiFoDB_gamma_v1_prok
MacoriG_2019__CS_R7__bin.2	Bacteria	Proteobacteria	Gammaproteobacteria	Pseudomonadales	Halomonadaceae	Halomonas	Halomonas sp002332255	Pasolli et al. 2020	MAG		cheese, cheddar	dairy	Italy	Italy	prokaryote	MiFoDB_gamma_v1_prok
MilaniC_2019__SRR7587240__bin.19	Bacteria	Actinobacteriota	Actinomycetia	Actinomycetales	Microbacteriaceae	Pseudoclavibacter_A	Pseudoclavibacter_A sp008831235	Pasolli et al. 2020	MAG		parmesan cheese	dairy	Italy	Italy	prokaryote	MiFoDB_gamma_v1_prok
WalshAM_2017__ERR1981169__bin.1	Bacteria	Proteobacteria	Gammaproteobacteria	Enterobacterales	Enterobacteriaceae	Klebsiella	Klebsiella pneumoniae	Pasolli et al. 2020	MAG		nunu	dairy	Ghana	Ghana	prokaryote	MiFoDB_gamma_v1_prok
WalshAM_2017__ERR1981175__bin.3	Bacteria	Firmicutes	Bacilli	Lactobacillales	Streptococcaceae	Streptococcus	Streptococcus sp.	Pasolli et al. 2020	MAG		nunu	dairy	Ghana	Ghana	prokaryote	MiFoDB_gamma_v1_prok
C-R03.bin.3	Eukaryota	Ascomycota	Saccharomycetes	Saccharomycetales	Debaryomycetaceae	Candida	Scheffersomyces stipitis	This paper	MAG		raw canastra cheese	dairy	Brazil	Minas Gerais, Brazil	eukaryote	MiFoDB_beta_v3_euk
ODFM-BA-A-0005-002_Lactobacillus_curvatus_WiKim38	Bacteria	Firmicutes	Bacilli	Lactobacillales	Lactobacillaceae	Latilactobacillus	Latilactobacillus curvatus	Whon et al. 2021	complete		fermented seafoods	seafood	South Korea	South Korea	prokaryote	MiFoDB_gamma_v1_prok
ODFM-BA-A-0009-005_Bacillus_velezensis_YJ11-1-4	Bacteria	Firmicutes	Bacilli	Bacillales	Bacillaceae	Bacillus	Bacillus velezensis	Whon et al. 2021	complete		fermented seafoods	seafood	South Korea	South Korea	prokaryote	MiFoDB_gamma_v1_prok
ODFM-BA-A-0014-003_Alishewanella_jeotgali_KCTC_22429	Bacteria	Proteobacteria	Gammaproteobacteria	Enterobacterales	Alteromonadaceae	Alishewanella	Alishewanella jeotgali	Whon et al. 2021	draft		fermented seafoods	seafood	South Korea	South Korea	prokaryote	MiFoDB_gamma_v1_prok
ODFM-BA-A-0027-003_Lactobacillus_sakei_WiKim0072	Bacteria	Firmicutes	Bacilli	Lactobacillales	Lactobacillaceae	Latilactobacillus	Latilactobacillus sakei	Whon et al. 2021	complete		kimchi	vegetable	South Korea	South Korea	prokaryote	MiFoDB_gamma_v1_prok
ODFM-BA-A-0033-002_Haladaptatus_cibarius_D43	Archaea	Halobacteriota	Halobacteria	Halobacteriales	Haladaptataceae	Haladaptatus	Haladaptatus cibarius	Whon et al. 2021			fermented seafoods	seafood	South Korea	South Korea	prokaryote	MiFoDB_gamma_v1_prok
ODFM-BA-A-0034-002_Haloterrigena_jeotgali_A29	Archaea	Halobacteriota	Halobacteria	Halobacteriales	Natrialbaceae	Natrinema	Natrinema thermotolerans	Whon et al. 2021			fermented seafoods	seafood	South Korea	South Korea	prokaryote	MiFoDB_gamma_v1_prok
ODFM-BA-A-0050-001_Hanseniaspora_uvarum_CBA6001	Eukaryota	Ascomycota	Saccharomycetes	Saccharomycetales	Saccharomycodaceae	Hanseniaspora	Hanseniaspora uvarum	Whon et al. 2021	draft		kimchi	vegetable	South Korea	South Korea	eukaryote	MiFoDB_beta_v3_euk
ODFM-BA-A-0051-001_Pichia_kluyveri_CBA6002	Eukaryota	Ascomycota	Saccharomycetes	Saccharomycetales	Pichiaceae	Pichia	Pichia kluyveri CBA6002	Whon et al. 2021	draft		kimchi	vegetable	South Korea	South Korea	eukaryote	MiFoDB_beta_v3_euk
ODFM-BA-A-0052-001_Yarrowia_lipolytica_CBA6003	Eukaryota	Ascomycota	Saccharomycetes	Saccharomycetales	Dipodascaceae	Yarrowia	Yarrowia lipolytica CBA6003	Whon et al. 2021	draft		kimchi	vegetable	South Korea	South Korea	eukaryote	MiFoDB_beta_v3_euk
ODFM-BA-A-0067-003_Leuconostoc_mesenteroides_subsp._mesenteroides_CBA3607	Bacteria	Firmicutes	Bacilli	Lactobacillales	Lactobacillaceae	Leuconostoc	Leuconostoc mesenteroides_B	Whon et al. 2021			kimchi	vegetable	South Korea	South Korea	prokaryote	MiFoDB_gamma_v1_prok
ODFM-BA-A-0080-002_Microbacterium_sp._CBA3102	Bacteria	Actinobacteriota	Actinomycetia	Actinomycetales	Microbacteriaceae	Microbacterium	Microbacterium sp000800925	Whon et al. 2021	draft		kimchi	vegetable	South Korea	South Korea	prokaryote	MiFoDB_gamma_v1_prok
ODFM-BA-A-0081-002_Halorubrum_halophilum_CBA1147	Archaea	Halobacteriota	Halobacteria	Halobacteriales	Haloferacaceae	Halorubrum	Halorubrum sp003990725	Whon et al. 2021	draft		fermented seafoods	seafood	South Korea	South Korea	prokaryote	MiFoDB_gamma_v1_prok
ODFM-BA-A-0086-005_Weissella_koreensis_CBA3615	Bacteria	Firmicutes	Bacilli	Lactobacillales	Lactobacillaceae	Weissella	Weissella koreensis	Whon et al. 2021	draft		kimchi	vegetable	South Korea	South Korea	prokaryote	MiFoDB_gamma_v1_prok
ODFM-BA-A-0094-002_Leuconostoc_lactis_WIKIM21	Bacteria	Firmicutes	Bacilli	Lactobacillales	Lactobacillaceae	Leuconostoc	Leuconostoc lactis_A	Whon et al. 2021	draft		kimchi	vegetable	South Korea	South Korea	prokaryote	MiFoDB_gamma_v1_prok
ODFM-BA-A-0107-002_Dietzia_alimentaria_72T	Bacteria	Actinobacteriota	Actinomycetia	Mycobacteriales	Mycobacteriaceae	Dietzia	Dietzia alimentaria	Whon et al. 2021	draft		fermented seafoods	seafood	Unknown	Unknown	prokaryote	MiFoDB_gamma_v1_prok
ODFM-BA-A-0108-002_Brachybacterium_squillarum_M-6-3T	Bacteria	Actinobacteriota	Actinomycetia	Actinomycetales	Dermabacteraceae	Brachybacterium	Brachybacterium squillarum	Whon et al. 2021	draft		fermented seafoods	seafood	Unknown	Unknown	prokaryote	MiFoDB_gamma_v1_prok
ODFM-BA-A-0109-002_Lentibacillus_jeotgali_GrbiT	Bacteria	Firmicutes	Bacilli	Bacillales_D	Amphibacillaceae	Lentibacillus	Lentibacillus jeotgali	Whon et al. 2021	draft		fermented seafoods	seafood	Unknown	Unknown	prokaryote	MiFoDB_gamma_v1_prok
ODFM-BA-A-0110-001_Corynebacterium_nuruki_S6-4	Bacteria	Actinobacteriota	Actinomycetia	Mycobacteriales	Mycobacteriaceae	Corynebacterium	Corynebacterium nuruki	Whon et al. 2021	draft		alcohol fermentation starter	grains	Unknown	Unknown	prokaryote	MiFoDB_gamma_v1_prok
ODFM-BA-A-0118-001_Brettanomyces_anomalus_YV396	Eukaryota	Ascomycota	Saccharomycetes	Saccharomycetales	Pichiaceae	Brettanomyces	Brettanomyces anomalus YV396	Whon et al. 2021	draft		beer	grains	Belgium	Belgium	eukaryote	MiFoDB_beta_v3_euk
ODFM-BA-A-0127-001_Megasphaera_cerevisiae_NSB1	Bacteria	Firmicutes_C	Negativicutes	Veillonellales	Megasphaeraceae	Megasphaera	Megasphaera cerevisiae	Whon et al. 2021	draft		beer	grains	Canada	Canada	prokaryote	MiFoDB_gamma_v1_prok
ODFM-BA-A-0128-001_Pectinatus_frisingensis_MB139	Bacteria	Firmicutes_C	Negativicutes	Selenomonadales	Selenomonadaceae	Pectinatus	Pectinatus frisingensis	Whon et al. 2021	draft		beer	grains	Singapore	Singapore	prokaryote	MiFoDB_gamma_v1_prok
ODFM-BA-A-0133-001_Listeria_monocytogenes_N11-2542	Bacteria	Firmicutes	Bacilli	Lactobacillales	Listeriaceae	Listeria	Listeria monocytogenes	Whon et al. 2021	draft		cheese	dairy	Switzerland	Switzerland	prokaryote	MiFoDB_gamma_v1_prok
ODFM-BA-A-0135-001_Lactobacillus_rhamnosus_DPC_7102	Bacteria	Firmicutes	Bacilli	Lactobacillales	Lactobacillaceae	Lacticaseibacillus	Lacticaseibacillus rhamnosus	Whon et al. 2021	draft		cheese	dairy	Ireland	Ireland	prokaryote	MiFoDB_gamma_v1_prok
ODFM-BA-A-0136-001_Staphylococcus_aureus_18SBCL679	Bacteria	Firmicutes	Bacilli	Staphylococcales	Staphylococcaceae	Staphylococcus	Staphylococcus aureus	Whon et al. 2021	draft		cheese	dairy	Switzerland	Switzerland	prokaryote	MiFoDB_gamma_v1_prok
ODFM-BA-A-0138-001_Hafnia_alvei_B16-3	Bacteria	Proteobacteria	Gammaproteobacteria	Enterobacterales	Enterobacteriaceae	Hafnia	Hafnia alvei_B	Whon et al. 2021	draft		cheese	dairy	France	France	prokaryote	MiFoDB_gamma_v1_prok
ODFM-BA-A-0139-001_Enterococcus_lactis_CICC_24101	Bacteria	Firmicutes	Bacilli	Lactobacillales	Enterococcaceae	Enterococcus_B	Enterococcus_B lactis	Whon et al. 2021	draft		cheese	dairy	France	France	prokaryote	MiFoDB_gamma_v1_prok
ODFM-BA-A-0141-001_Corynebacterium_flavescens_CCUG_28791T	Bacteria	Actinobacteriota	Actinomycetia	Mycobacteriales	Mycobacteriaceae	Corynebacterium	Corynebacterium flavescens	Whon et al. 2021	draft		cheese	dairy	Sweden	Sweden	prokaryote	MiFoDB_gamma_v1_prok
ODFM-BA-A-0142-001_Halomonas_nigrificans_MBT_G8648	Bacteria	Proteobacteria	Gammaproteobacteria	Pseudomonadales	Halomonadaceae	Halomonas	Halomonas nigrificans	Whon et al. 2021	draft		cheese	dairy	Germany	Germany	prokaryote	MiFoDB_gamma_v1_prok
ODFM-BA-A-0144-001_Penicillium_roqueforti_CECT_2905	Eukaryota	Ascomycota	Eurotiomycetes	Eurotiales	Aspergillaceae	Penicillium	Penicillium roqueforti CECT 2905	Whon et al. 2021	draft		cheese	dairy	Chile	Chile	eukaryote	MiFoDB_beta_v3_euk
ODFM-BA-A-0148-001_Lactococcus_lactis_subsp._cremoris_LMG6897	Bacteria	Firmicutes	Bacilli	Lactobacillales	Streptococcaceae	Lactococcus	Lactococcus cremoris	Whon et al. 2021	draft		cheese	dairy	Netherlands	Netherlands	prokaryote	MiFoDB_gamma_v1_prok
ODFM-BA-A-0149-001_Enterococcus_malodoratus_DSM_20681	Bacteria	Firmicutes	Bacilli	Lactobacillales	Enterococcaceae	Enterococcus_A	Enterococcus_A malodoratus	Whon et al. 2021	draft		cheese	dairy	China	China	prokaryote	MiFoDB_gamma_v1_prok
ODFM-BA-A-0154-001_Lactobacillus_helveticus_NWC_2_4	Bacteria	Firmicutes	Bacilli	Lactobacillales	Lactobacillaceae	Lactobacillus	Lactobacillus helveticus	Whon et al. 2021	draft		cheese	dairy	Switzerland	Switzerland	prokaryote	MiFoDB_gamma_v1_prok
ODFM-BA-A-0156-001_Mycetocola_reblochoni_JCM_30549	Bacteria	Actinobacteriota	Actinomycetia	Actinomycetales	Microbacteriaceae	Mycetocola_B	Mycetocola_B reblochoni	Whon et al. 2021	draft		cheese	dairy	China	China	prokaryote	MiFoDB_gamma_v1_prok
ODFM-BA-A-0157-001_Morganella_morganii_FAM24091	Bacteria	Proteobacteria	Gammaproteobacteria	Enterobacterales	Enterobacteriaceae	Morganella	Morganella morganii_A	Whon et al. 2021	draft		cheese	dairy	Switzerland	Switzerland	prokaryote	MiFoDB_gamma_v1_prok
ODFM-BA-A-0160-001_Vibrio_casei_JB196	Bacteria	Proteobacteria	Gammaproteobacteria	Enterobacterales	Vibrionaceae	Vibrio	Vibrio casei	Whon et al. 2021	draft		cheese	dairy	United States of America	United States of America	prokaryote	MiFoDB_gamma_v1_prok
ODFM-BA-A-0167-001_Staphylococcus_succinus_BC15	Bacteria	Firmicutes	Bacilli	Staphylococcales	Staphylococcaceae	Staphylococcus	Staphylococcus succinus	Whon et al. 2021	draft		cheese	dairy	United States of America	United States of America	prokaryote	MiFoDB_gamma_v1_prok
ODFM-BA-A-0172-001_Clostridium_tyrobutyricum_FAM22553	Bacteria	Firmicutes_A	Clostridia	Clostridiales	Clostridiaceae	Clostridium_B	Clostridium_B tyrobutyricum	Whon et al. 2021	draft		cheese	dairy	Switzerland	Switzerland	prokaryote	MiFoDB_gamma_v1_prok
ODFM-BA-A-0177-001_Lactobacillus_homohiochii_DSM_20571	Bacteria	Firmicutes	Bacilli	Lactobacillales	Lactobacillaceae	Fructilactobacillus	Fructilactobacillus fructivorans	Whon et al. 2021	draft		sake	grains	Japan	Japan	prokaryote	MiFoDB_gamma_v1_prok
ODFM-BA-A-0193-001_Saccharomyces_cerevisiae_beer44	Eukaryota	Ascomycota	Saccharomycetes	Saccharomycetales	Saccharomycetaceae	Saccharomyces	Saccharomyces cerevisiae	Whon et al. 2021	complete		beer	grains	Belgium	Belgium	eukaryote	MiFoDB_beta_v3_euk
ODFM-BA-A-0208-003_Brachybacterium_kimchii_CBA3104	Bacteria	Actinobacteriota	Actinomycetia	Actinomycetales	Dermabacteraceae	Brachybacterium	Brachybacterium kimchii	Whon et al. 2021	complete		kimchi	vegetable	South Korea	South Korea	prokaryote	MiFoDB_gamma_v1_prok
ODFM-BA-A-0217-003_GCF_025908565.1	Bacteria	Firmicutes	Bacilli	Lactobacillales	Lactobacillaceae	Weissella	Weissella confusa_B	Whon et al. 2021			kimchi	vegetable	South Korea	South Korea	prokaryote	MiFoDB_gamma_v1_prok
