Run,Assay Type,AvgSpotLen,Bases,batch,BioProject,BioSample,BioSampleModel,Bytes,Center Name,Cheese,Collection_Date,Consent,DATASTORE filetype,DATASTORE provider,DATASTORE region,Depth,elev,env_broad_scale,env_local_scale,env_medium,Experiment,geo_loc_name_country,geo_loc_name_country_continent,geo_loc_name,Instrument,lat_lon,Library Name,LibraryLayout,LibrarySelection,LibrarySource,Organism,Platform,ReleaseDate,create_date,version,Sample Name,SRA Study,week
SRR16955650,AMPLICON,302,15392034,2,PRJNA778418,SAMN23169395,"MIMS.me,MIGS/MIMS/MIMARKS.microbial",4849268,UNIVERSITY OF CALIFORNIA SAN DIEGO,A,2020-02-25,public,"fastq,run.zq,sra","gs,ncbi,s3","ncbi.public,s3.us-east-1,gs.us-east1",na,193,anthropogenic environmental material[ENVO:0010001],cheese product[ENVO:00002189],cheese rind biofilm,SRX13147294,USA,North America,USA,Illumina iSeq 100,44.587655 N 72.268324 W,O_2_4_CheeseA_16S_Amplicon,PAIRED,PCR,METAGENOMIC,food fermentation metagenome,ILLUMINA,2022-11-01T00:00:00Z,2021-11-16T10:35:00Z,1,O_2_4_CheeseA,SRP346349,4
SRR16955651,AMPLICON,302,16215286,2,PRJNA778418,SAMN23169394,"MIMS.me,MIGS/MIMS/MIMARKS.microbial",5116627,UNIVERSITY OF CALIFORNIA SAN DIEGO,A,2020-02-20,public,"run.zq,sra,fastq","gs,ncbi,s3","s3.us-east-1,gs.us-east1,ncbi.public",na,193,anthropogenic environmental material[ENVO:0010001],cheese product[ENVO:00002189],cheese rind biofilm,SRX13147293,USA,North America,USA,Illumina iSeq 100,44.587655 N 72.268324 W,O_2_3_CheeseA_16S_Amplicon,PAIRED,PCR,METAGENOMIC,food fermentation metagenome,ILLUMINA,2022-11-01T00:00:00Z,2021-11-16T10:35:00Z,1,O_2_3_CheeseA,SRP346349,3
SRR16955652,AMPLICON,302,13833110,2,PRJNA778418,SAMN23169393,"MIMS.me,MIGS/MIMS/MIMARKS.microbial",4415499,UNIVERSITY OF CALIFORNIA SAN DIEGO,A,2020-02-11,public,"fastq,run.zq,sra","ncbi,s3,gs","gs.us-east1,ncbi.public,s3.us-east-1",na,193,anthropogenic environmental material[ENVO:0010001],cheese product[ENVO:00002189],cheese rind biofilm,SRX13147292,USA,North America,USA,Illumina iSeq 100,44.587655 N 72.268324 W,O_2_2_CheeseA_16S_Amplicon,PAIRED,PCR,METAGENOMIC,food fermentation metagenome,ILLUMINA,2022-11-01T00:00:00Z,2021-11-16T10:35:00Z,1,O_2_2_CheeseA,SRP346349,2
SRR16955653,AMPLICON,302,15773460,2,PRJNA778418,SAMN23169392,"MIMS.me,MIGS/MIMS/MIMARKS.microbial",5019625,UNIVERSITY OF CALIFORNIA SAN DIEGO,A,2020-02-04,public,"fastq,sra,run.zq","s3,gs,ncbi","s3.us-east-1,ncbi.public,gs.us-east1",na,193,anthropogenic environmental material[ENVO:0010001],cheese product[ENVO:00002189],cheese rind biofilm,SRX13147291,USA,North America,USA,Illumina iSeq 100,44.587655 N 72.268324 W,O_2_1_CheeseA_16S_Amplicon,PAIRED,PCR,METAGENOMIC,food fermentation metagenome,ILLUMINA,2022-11-01T00:00:00Z,2021-11-16T10:35:00Z,1,O_2_1_CheeseA,SRP346349,1
SRR16955654,AMPLICON,302,11930812,3,PRJNA778418,SAMN23169439,"MIMS.me,MIGS/MIMS/MIMARKS.microbial",3850589,UNIVERSITY OF CALIFORNIA SAN DIEGO,C,2020-05-05,public,"run.zq,fastq,sra","ncbi,gs,s3","s3.us-east-1,gs.us-east1,ncbi.public",na,193,anthropogenic environmental material[ENVO:0010001],cheese product[ENVO:00002189],cheese rind biofilm,SRX13147290,USA,North America,USA,Illumina iSeq 100,44.587655 N 72.268324 W,We_3_6_CheeseC_16S_Amplicon,PAIRED,PCR,METAGENOMIC,food fermentation metagenome,ILLUMINA,2022-11-01T00:00:00Z,2021-11-16T10:35:00Z,1,We_3_6_CheeseC,SRP346349,13
SRR16955655,AMPLICON,302,13222466,3,PRJNA778418,SAMN23169438,"MIMS.me,MIGS/MIMS/MIMARKS.microbial",4319196,UNIVERSITY OF CALIFORNIA SAN DIEGO,C,2020-04-07,public,"run.zq,fastq,sra","ncbi,gs,s3","gs.us-east1,s3.us-east-1,ncbi.public",na,193,anthropogenic environmental material[ENVO:0010001],cheese product[ENVO:00002189],cheese rind biofilm,SRX13147289,USA,North America,USA,Illumina iSeq 100,44.587655 N 72.268324 W,We_3_5_CheeseC_16S_Amplicon,PAIRED,PCR,METAGENOMIC,food fermentation metagenome,ILLUMINA,2022-11-01T00:00:00Z,2021-11-16T10:35:00Z,1,We_3_5_CheeseC,SRP346349,9
SRR16955656,AMPLICON,302,13687546,3,PRJNA778418,SAMN23169437,"MIMS.me,MIGS/MIMS/MIMARKS.microbial",4414183,UNIVERSITY OF CALIFORNIA SAN DIEGO,C,2020-03-03,public,"sra,fastq,run.zq","ncbi,gs,s3","s3.us-east-1,gs.us-east1,ncbi.public",na,193,anthropogenic environmental material[ENVO:0010001],cheese product[ENVO:00002189],cheese rind biofilm,SRX13147288,USA,North America,USA,Illumina iSeq 100,44.587655 N 72.268324 W,We_3_4_CheeseC_16S_Amplicon,PAIRED,PCR,METAGENOMIC,food fermentation metagenome,ILLUMINA,2022-11-01T00:00:00Z,2021-11-16T10:35:00Z,1,We_3_4_CheeseC,SRP346349,4
SRR16955657,AMPLICON,302,13520238,3,PRJNA778418,SAMN23169436,"MIMS.me,MIGS/MIMS/MIMARKS.microbial",4354051,UNIVERSITY OF CALIFORNIA SAN DIEGO,C,2020-02-25,public,"run.zq,sra,fastq","s3,gs,ncbi","ncbi.public,s3.us-east-1,gs.us-east1",na,193,anthropogenic environmental material[ENVO:0010001],cheese product[ENVO:00002189],cheese rind biofilm,SRX13147287,USA,North America,USA,Illumina iSeq 100,44.587655 N 72.268324 W,We_3_3_CheeseC_16S_Amplicon,PAIRED,PCR,METAGENOMIC,food fermentation metagenome,ILLUMINA,2022-11-01T00:00:00Z,2021-11-16T10:39:00Z,1,We_3_3_CheeseC,SRP346349,3
SRR16955658,AMPLICON,302,12732018,1,PRJNA778418,SAMN23169391,"MIMS.me,MIGS/MIMS/MIMARKS.microbial",4081579,UNIVERSITY OF CALIFORNIA SAN DIEGO,A,2020-04-21,public,"fastq,sra,run.zq","gs,ncbi,s3","s3.us-east-1,ncbi.public,gs.us-east1",na,193,anthropogenic environmental material[ENVO:0010001],cheese product[ENVO:00002189],cheese rind biofilm,SRX13147286,USA,North America,USA,Illumina iSeq 100,44.587655 N 72.268324 W,O_1_6_CheeseA_16S_Amplicon,PAIRED,PCR,METAGENOMIC,food fermentation metagenome,ILLUMINA,2022-11-01T00:00:00Z,2021-11-16T10:35:00Z,1,O_1_6_CheeseA,SRP346349,13
SRR16955659,AMPLICON,302,13986828,3,PRJNA778418,SAMN23169435,"MIMS.me,MIGS/MIMS/MIMARKS.microbial",4494298,UNIVERSITY OF CALIFORNIA SAN DIEGO,C,2020-02-20,public,"run.zq,sra,fastq","ncbi,gs,s3","s3.us-east-1,ncbi.public,gs.us-east1",na,193,anthropogenic environmental material[ENVO:0010001],cheese product[ENVO:00002189],cheese rind biofilm,SRX13147285,USA,North America,USA,Illumina iSeq 100,44.587655 N 72.268324 W,We_3_2_CheeseC_16S_Amplicon,PAIRED,PCR,METAGENOMIC,food fermentation metagenome,ILLUMINA,2022-11-01T00:00:00Z,2021-11-16T10:35:00Z,1,We_3_2_CheeseC,SRP346349,2
SRR16955660,AMPLICON,302,16284444,3,PRJNA778418,SAMN23169434,"MIMS.me,MIGS/MIMS/MIMARKS.microbial",5179462,UNIVERSITY OF CALIFORNIA SAN DIEGO,C,2020-02-11,public,"sra,fastq,run.zq","ncbi,s3,gs","ncbi.public,gs.us-east1,s3.us-east-1",na,193,anthropogenic environmental material[ENVO:0010001],cheese product[ENVO:00002189],cheese rind biofilm,SRX13147284,USA,North America,USA,Illumina iSeq 100,44.587655 N 72.268324 W,We_3_1_CheeseC_16S_Amplicon,PAIRED,PCR,METAGENOMIC,food fermentation metagenome,ILLUMINA,2022-11-01T00:00:00Z,2021-11-16T10:39:00Z,1,We_3_1_CheeseC,SRP346349,1
SRR16955661,AMPLICON,302,14060516,2,PRJNA778418,SAMN23169433,"MIMS.me,MIGS/MIMS/MIMARKS.microbial",4571911,UNIVERSITY OF CALIFORNIA SAN DIEGO,C,2020-04-28,public,"sra,fastq,run.zq","gs,s3,ncbi","gs.us-east1,s3.us-east-1,ncbi.public",na,193,anthropogenic environmental material[ENVO:0010001],cheese product[ENVO:00002189],cheese rind biofilm,SRX13147283,USA,North America,USA,Illumina iSeq 100,44.587655 N 72.268324 W,We_2_6_CheeseC_16S_Amplicon,PAIRED,PCR,METAGENOMIC,food fermentation metagenome,ILLUMINA,2022-11-01T00:00:00Z,2021-11-16T10:40:00Z,1,We_2_6_CheeseC,SRP346349,13
SRR16955662,AMPLICON,302,13290718,2,PRJNA778418,SAMN23169432,"MIMS.me,MIGS/MIMS/MIMARKS.microbial",4385186,UNIVERSITY OF CALIFORNIA SAN DIEGO,C,2020-03-31,public,"run.zq,fastq,sra","gs,ncbi,s3","ncbi.public,s3.us-east-1,gs.us-east1",na,193,anthropogenic environmental material[ENVO:0010001],cheese product[ENVO:00002189],cheese rind biofilm,SRX13147282,USA,North America,USA,Illumina iSeq 100,44.587655 N 72.268324 W,We_2_5_CheeseC_16S_Amplicon,PAIRED,PCR,METAGENOMIC,food fermentation metagenome,ILLUMINA,2022-11-01T00:00:00Z,2021-11-16T10:40:00Z,1,We_2_5_CheeseC,SRP346349,9
SRR16955663,AMPLICON,302,14295170,2,PRJNA778418,SAMN23169431,"MIMS.me,MIGS/MIMS/MIMARKS.microbial",4549977,UNIVERSITY OF CALIFORNIA SAN DIEGO,C,2020-02-25,public,"fastq,sra,run.zq","s3,gs,ncbi","ncbi.public,gs.us-east1,s3.us-east-1",na,193,anthropogenic environmental material[ENVO:0010001],cheese product[ENVO:00002189],cheese rind biofilm,SRX13147281,USA,North America,USA,Illumina iSeq 100,44.587655 N 72.268324 W,We_2_4_CheeseC_16S_Amplicon,PAIRED,PCR,METAGENOMIC,food fermentation metagenome,ILLUMINA,2022-11-01T00:00:00Z,2021-11-16T10:40:00Z,1,We_2_4_CheeseC,SRP346349,4
SRR16955664,AMPLICON,302,15235900,2,PRJNA778418,SAMN23169430,"MIMS.me,MIGS/MIMS/MIMARKS.microbial",4889051,UNIVERSITY OF CALIFORNIA SAN DIEGO,C,2020-02-20,public,"run.zq,sra,fastq","s3,ncbi,gs","gs.us-east1,ncbi.public,s3.us-east-1",na,193,anthropogenic environmental material[ENVO:0010001],cheese product[ENVO:00002189],cheese rind biofilm,SRX13147280,USA,North America,USA,Illumina iSeq 100,44.587655 N 72.268324 W,We_2_3_CheeseC_16S_Amplicon,PAIRED,PCR,METAGENOMIC,food fermentation metagenome,ILLUMINA,2022-11-01T00:00:00Z,2021-11-16T10:40:00Z,1,We_2_3_CheeseC,SRP346349,3
SRR16955665,AMPLICON,302,13185924,2,PRJNA778418,SAMN23169429,"MIMS.me,MIGS/MIMS/MIMARKS.microbial",4251553,UNIVERSITY OF CALIFORNIA SAN DIEGO,C,2020-02-11,public,"fastq,sra,run.zq","gs,s3,ncbi","gs.us-east1,ncbi.public,s3.us-east-1",na,193,anthropogenic environmental material[ENVO:0010001],cheese product[ENVO:00002189],cheese rind biofilm,SRX13147279,USA,North America,USA,Illumina iSeq 100,44.587655 N 72.268324 W,We_2_2_CheeseC_16S_Amplicon,PAIRED,PCR,METAGENOMIC,food fermentation metagenome,ILLUMINA,2022-11-01T00:00:00Z,2021-11-16T10:40:00Z,1,We_2_2_CheeseC,SRP346349,2
SRR16955666,AMPLICON,302,13416048,2,PRJNA778418,SAMN23169428,"MIMS.me,MIGS/MIMS/MIMARKS.microbial",4281440,UNIVERSITY OF CALIFORNIA SAN DIEGO,C,2020-02-04,public,"fastq,sra,run.zq","s3,ncbi,gs","s3.us-east-1,ncbi.public,gs.us-east1",na,193,anthropogenic environmental material[ENVO:0010001],cheese product[ENVO:00002189],cheese rind biofilm,SRX13147278,USA,North America,USA,Illumina iSeq 100,44.587655 N 72.268324 W,We_2_1_CheeseC_16S_Amplicon,PAIRED,PCR,METAGENOMIC,food fermentation metagenome,ILLUMINA,2022-11-01T00:00:00Z,2021-11-16T10:40:00Z,1,We_2_1_CheeseC,SRP346349,1
SRR16955667,AMPLICON,302,14632806,1,PRJNA778418,SAMN23169427,"MIMS.me,MIGS/MIMS/MIMARKS.microbial",4681740,UNIVERSITY OF CALIFORNIA SAN DIEGO,C,2020-04-21,public,"sra,fastq,run.zq","s3,ncbi,gs","s3.us-east-1,ncbi.public,gs.us-east1",na,193,anthropogenic environmental material[ENVO:0010001],cheese product[ENVO:00002189],cheese rind biofilm,SRX13147277,USA,North America,USA,Illumina iSeq 100,44.587655 N 72.268324 W,We_1_6_CheeseC_16S_Amplicon,PAIRED,PCR,METAGENOMIC,food fermentation metagenome,ILLUMINA,2022-11-01T00:00:00Z,2021-11-16T10:40:00Z,1,We_1_6_CheeseC,SRP346349,13
SRR16955668,AMPLICON,302,12420052,1,PRJNA778418,SAMN23169426,"MIMS.me,MIGS/MIMS/MIMARKS.microbial",4082242,UNIVERSITY OF CALIFORNIA SAN DIEGO,C,2020-03-24,public,"run.zq,fastq,sra","gs,ncbi,s3","gs.us-east1,s3.us-east-1,ncbi.public",na,193,anthropogenic environmental material[ENVO:0010001],cheese product[ENVO:00002189],cheese rind biofilm,SRX13147276,USA,North America,USA,Illumina iSeq 100,44.587655 N 72.268324 W,We_1_5_CheeseC_16S_Amplicon,PAIRED,PCR,METAGENOMIC,food fermentation metagenome,ILLUMINA,2022-11-01T00:00:00Z,2021-11-16T10:40:00Z,1,We_1_5_CheeseC,SRP346349,9
SRR16955669,AMPLICON,302,14917592,1,PRJNA778418,SAMN23169390,"MIMS.me,MIGS/MIMS/MIMARKS.microbial",4708936,UNIVERSITY OF CALIFORNIA SAN DIEGO,A,2020-03-24,public,"fastq,run.zq,sra","ncbi,s3,gs","gs.us-east1,ncbi.public,s3.us-east-1",na,193,anthropogenic environmental material[ENVO:0010001],cheese product[ENVO:00002189],cheese rind biofilm,SRX13147275,USA,North America,USA,Illumina iSeq 100,44.587655 N 72.268324 W,O_1_5_CheeseA_16S_Amplicon,PAIRED,PCR,METAGENOMIC,food fermentation metagenome,ILLUMINA,2022-11-01T00:00:00Z,2021-11-16T10:40:00Z,1,O_1_5_CheeseA,SRP346349,9
SRR16955670,AMPLICON,302,13632582,1,PRJNA778418,SAMN23169425,"MIMS.me,MIGS/MIMS/MIMARKS.microbial",4364090,UNIVERSITY OF CALIFORNIA SAN DIEGO,C,2020-02-20,public,"run.zq,sra,fastq","gs,ncbi,s3","gs.us-east1,s3.us-east-1,ncbi.public",na,193,anthropogenic environmental material[ENVO:0010001],cheese product[ENVO:00002189],cheese rind biofilm,SRX13147274,USA,North America,USA,Illumina iSeq 100,44.587655 N 72.268324 W,We_1_4_CheeseC_16S_Amplicon,PAIRED,PCR,METAGENOMIC,food fermentation metagenome,ILLUMINA,2022-11-01T00:00:00Z,2021-11-16T10:40:00Z,1,We_1_4_CheeseC,SRP346349,4
SRR16955671,AMPLICON,302,15649036,1,PRJNA778418,SAMN23169424,"MIMS.me,MIGS/MIMS/MIMARKS.microbial",4970819,UNIVERSITY OF CALIFORNIA SAN DIEGO,C,2020-02-11,public,"run.zq,sra,fastq","ncbi,s3,gs","gs.us-east1,s3.us-east-1,ncbi.public",na,193,anthropogenic environmental material[ENVO:0010001],cheese product[ENVO:00002189],cheese rind biofilm,SRX13147273,USA,North America,USA,Illumina iSeq 100,44.587655 N 72.268324 W,We_1_3_CheeseC_16S_Amplicon,PAIRED,PCR,METAGENOMIC,food fermentation metagenome,ILLUMINA,2022-11-01T00:00:00Z,2021-11-16T10:40:00Z,1,We_1_3_CheeseC,SRP346349,3
SRR16955672,AMPLICON,302,13311556,1,PRJNA778418,SAMN23169423,"MIMS.me,MIGS/MIMS/MIMARKS.microbial",4291631,UNIVERSITY OF CALIFORNIA SAN DIEGO,C,2020-02-04,public,"sra,run.zq,fastq","ncbi,s3,gs","s3.us-east-1,ncbi.public,gs.us-east1",na,193,anthropogenic environmental material[ENVO:0010001],cheese product[ENVO:00002189],cheese rind biofilm,SRX13147272,USA,North America,USA,Illumina iSeq 100,44.587655 N 72.268324 W,We_1_2_CheeseC_16S_Amplicon,PAIRED,PCR,METAGENOMIC,food fermentation metagenome,ILLUMINA,2022-11-01T00:00:00Z,2021-11-16T10:40:00Z,1,We_1_2_CheeseC,SRP346349,2
SRR16955673,AMPLICON,302,14837260,1,PRJNA778418,SAMN23169422,"MIMS.me,MIGS/MIMS/MIMARKS.microbial",4712917,UNIVERSITY OF CALIFORNIA SAN DIEGO,C,2020-01-29,public,"sra,fastq,run.zq","ncbi,s3,gs","ncbi.public,gs.us-east1,s3.us-east-1",na,193,anthropogenic environmental material[ENVO:0010001],cheese product[ENVO:00002189],cheese rind biofilm,SRX13147271,USA,North America,USA,Illumina iSeq 100,44.587655 N 72.268324 W,We_1_1_CheeseC_16S_Amplicon,PAIRED,PCR,METAGENOMIC,food fermentation metagenome,ILLUMINA,2022-11-01T00:00:00Z,2021-11-16T10:40:00Z,1,We_1_1_CheeseC,SRP346349,1
SRR16955674,AMPLICON,302,13895926,3,PRJNA778418,SAMN23169421,"MIMS.me,MIGS/MIMS/MIMARKS.microbial",4380393,UNIVERSITY OF CALIFORNIA SAN DIEGO,B,2020-05-05,public,"sra,fastq,run.zq","s3,gs,ncbi","gs.us-east1,s3.us-east-1,ncbi.public",na,193,anthropogenic environmental material[ENVO:0010001],cheese product[ENVO:00002189],cheese rind biofilm,SRX13147270,USA,North America,USA,Illumina iSeq 100,44.587655 N 72.268324 W,Wy_3_6_CheeseB_16S_Amplicon,PAIRED,PCR,METAGENOMIC,food fermentation metagenome,ILLUMINA,2022-11-01T00:00:00Z,2021-11-16T10:40:00Z,1,Wy_3_6_CheeseB,SRP346349,13
SRR16955675,AMPLICON,302,12726884,3,PRJNA778418,SAMN23169420,"MIMS.me,MIGS/MIMS/MIMARKS.microbial",4068919,UNIVERSITY OF CALIFORNIA SAN DIEGO,B,2020-04-07,public,"fastq,run.zq,sra","ncbi,gs,s3","ncbi.public,gs.us-east1,s3.us-east-1",na,193,anthropogenic environmental material[ENVO:0010001],cheese product[ENVO:00002189],cheese rind biofilm,SRX13147269,USA,North America,USA,Illumina iSeq 100,44.587655 N 72.268324 W,Wy_3_5_CheeseB_16S_Amplicon,PAIRED,PCR,METAGENOMIC,food fermentation metagenome,ILLUMINA,2022-11-01T00:00:00Z,2021-11-16T10:40:00Z,1,Wy_3_5_CheeseB,SRP346349,9
SRR16955676,AMPLICON,302,14157458,3,PRJNA778418,SAMN23169419,"MIMS.me,MIGS/MIMS/MIMARKS.microbial",4542241,UNIVERSITY OF CALIFORNIA SAN DIEGO,B,2020-03-03,public,"run.zq,fastq,sra","s3,ncbi,gs","s3.us-east-1,gs.us-east1,ncbi.public",na,193,anthropogenic environmental material[ENVO:0010001],cheese product[ENVO:00002189],cheese rind biofilm,SRX13147268,USA,North America,USA,Illumina iSeq 100,44.587655 N 72.268324 W,Wy_3_4_CheeseB_16S_Amplicon,PAIRED,PCR,METAGENOMIC,food fermentation metagenome,ILLUMINA,2022-11-01T00:00:00Z,2021-11-16T10:40:00Z,1,Wy_3_4_CheeseB,SRP346349,4
SRR16955677,AMPLICON,302,14776860,3,PRJNA778418,SAMN23169418,"MIMS.me,MIGS/MIMS/MIMARKS.microbial",4712322,UNIVERSITY OF CALIFORNIA SAN DIEGO,B,2020-02-25,public,"sra,run.zq,fastq","s3,gs,ncbi","ncbi.public,s3.us-east-1,gs.us-east1",na,193,anthropogenic environmental material[ENVO:0010001],cheese product[ENVO:00002189],cheese rind biofilm,SRX13147267,USA,North America,USA,Illumina iSeq 100,44.587655 N 72.268324 W,Wy_3_3_CheeseB_16S_Amplicon,PAIRED,PCR,METAGENOMIC,food fermentation metagenome,ILLUMINA,2022-11-01T00:00:00Z,2021-11-16T10:40:00Z,1,Wy_3_3_CheeseB,SRP346349,3
SRR16955678,AMPLICON,302,14259534,3,PRJNA778418,SAMN23169417,"MIMS.me,MIGS/MIMS/MIMARKS.microbial",4566097,UNIVERSITY OF CALIFORNIA SAN DIEGO,B,2020-02-20,public,"run.zq,fastq,sra","ncbi,gs,s3","ncbi.public,gs.us-east1,s3.us-east-1",na,193,anthropogenic environmental material[ENVO:0010001],cheese product[ENVO:00002189],cheese rind biofilm,SRX13147266,USA,North America,USA,Illumina iSeq 100,44.587655 N 72.268324 W,Wy_3_2_CheeseB_16S_Amplicon,PAIRED,PCR,METAGENOMIC,food fermentation metagenome,ILLUMINA,2022-11-01T00:00:00Z,2021-11-16T10:40:00Z,1,Wy_3_2_CheeseB,SRP346349,2
SRR16955679,AMPLICON,302,13674258,3,PRJNA778418,SAMN23169416,"MIMS.me,MIGS/MIMS/MIMARKS.microbial",4308814,UNIVERSITY OF CALIFORNIA SAN DIEGO,B,2020-02-11,public,"run.zq,fastq,sra","s3,gs,ncbi","gs.us-east1,s3.us-east-1,ncbi.public",na,193,anthropogenic environmental material[ENVO:0010001],cheese product[ENVO:00002189],cheese rind biofilm,SRX13147265,USA,North America,USA,Illumina iSeq 100,44.587655 N 72.268324 W,Wy_3_1_CheeseB_16S_Amplicon,PAIRED,PCR,METAGENOMIC,food fermentation metagenome,ILLUMINA,2022-11-01T00:00:00Z,2021-11-16T10:41:00Z,1,Wy_3_1_CheeseB,SRP346349,1
SRR16955680,AMPLICON,302,13676976,1,PRJNA778418,SAMN23169389,"MIMS.me,MIGS/MIMS/MIMARKS.microbial",4370702,UNIVERSITY OF CALIFORNIA SAN DIEGO,A,2020-02-20,public,"sra,fastq,run.zq","gs,ncbi,s3","gs.us-east1,ncbi.public,s3.us-east-1",na,193,anthropogenic environmental material[ENVO:0010001],cheese product[ENVO:00002189],cheese rind biofilm,SRX13147264,USA,North America,USA,Illumina iSeq 100,44.587655 N 72.268324 W,O_1_4_CheeseA_16S_Amplicon,PAIRED,PCR,METAGENOMIC,food fermentation metagenome,ILLUMINA,2022-11-01T00:00:00Z,2021-11-16T10:41:00Z,1,O_1_4_CheeseA,SRP346349,4
SRR16955681,AMPLICON,302,12486190,2,PRJNA778418,SAMN23169415,"MIMS.me,MIGS/MIMS/MIMARKS.microbial",3959240,UNIVERSITY OF CALIFORNIA SAN DIEGO,B,2020-04-28,public,"sra,fastq,run.zq","ncbi,gs,s3","ncbi.public,gs.us-east1,s3.us-east-1",na,193,anthropogenic environmental material[ENVO:0010001],cheese product[ENVO:00002189],cheese rind biofilm,SRX13147263,USA,North America,USA,Illumina iSeq 100,44.587655 N 72.268324 W,Wy_2_6_CheeseB_16S_Amplicon,PAIRED,PCR,METAGENOMIC,food fermentation metagenome,ILLUMINA,2022-11-01T00:00:00Z,2021-11-16T10:41:00Z,1,Wy_2_6_CheeseB,SRP346349,13
SRR16955682,AMPLICON,302,11700688,2,PRJNA778418,SAMN23169414,"MIMS.me,MIGS/MIMS/MIMARKS.microbial",3716442,UNIVERSITY OF CALIFORNIA SAN DIEGO,B,2020-03-31,public,"run.zq,fastq,sra","ncbi,gs,s3","gs.us-east1,ncbi.public,s3.us-east-1",na,193,anthropogenic environmental material[ENVO:0010001],cheese product[ENVO:00002189],cheese rind biofilm,SRX13147262,USA,North America,USA,Illumina iSeq 100,44.587655 N 72.268324 W,Wy_2_5_CheeseB_16S_Amplicon,PAIRED,PCR,METAGENOMIC,food fermentation metagenome,ILLUMINA,2022-11-01T00:00:00Z,2021-11-16T10:41:00Z,1,Wy_2_5_CheeseB,SRP346349,9
SRR16955683,AMPLICON,302,14361610,2,PRJNA778418,SAMN23169413,"MIMS.me,MIGS/MIMS/MIMARKS.microbial",4533162,UNIVERSITY OF CALIFORNIA SAN DIEGO,B,2020-02-25,public,"sra,run.zq,fastq","s3,gs,ncbi","ncbi.public,s3.us-east-1,gs.us-east1",na,193,anthropogenic environmental material[ENVO:0010001],cheese product[ENVO:00002189],cheese rind biofilm,SRX13147261,USA,North America,USA,Illumina iSeq 100,44.587655 N 72.268324 W,Wy_2_4_CheeseB_16S_Amplicon,PAIRED,PCR,METAGENOMIC,food fermentation metagenome,ILLUMINA,2022-11-01T00:00:00Z,2021-11-16T10:41:00Z,1,Wy_2_4_CheeseB,SRP346349,4
SRR16955684,AMPLICON,302,15254322,2,PRJNA778418,SAMN23169412,"MIMS.me,MIGS/MIMS/MIMARKS.microbial",4863416,UNIVERSITY OF CALIFORNIA SAN DIEGO,B,2020-02-20,public,"sra,fastq,run.zq","s3,gs,ncbi","ncbi.public,s3.us-east-1,gs.us-east1",na,193,anthropogenic environmental material[ENVO:0010001],cheese product[ENVO:00002189],cheese rind biofilm,SRX13147260,USA,North America,USA,Illumina iSeq 100,44.587655 N 72.268324 W,Wy_2_3_CheeseB_16S_Amplicon,PAIRED,PCR,METAGENOMIC,food fermentation metagenome,ILLUMINA,2022-11-01T00:00:00Z,2021-11-16T10:41:00Z,1,Wy_2_3_CheeseB,SRP346349,3
SRR16955685,AMPLICON,302,14413856,2,PRJNA778418,SAMN23169411,"MIMS.me,MIGS/MIMS/MIMARKS.microbial",4705836,UNIVERSITY OF CALIFORNIA SAN DIEGO,B,2020-02-11,public,"run.zq,fastq,sra","gs,ncbi,s3","ncbi.public,s3.us-east-1,gs.us-east1",na,193,anthropogenic environmental material[ENVO:0010001],cheese product[ENVO:00002189],cheese rind biofilm,SRX13147259,USA,North America,USA,Illumina iSeq 100,44.587655 N 72.268324 W,Wy_2_2_CheeseB_16S_Amplicon,PAIRED,PCR,METAGENOMIC,food fermentation metagenome,ILLUMINA,2022-11-01T00:00:00Z,2021-11-16T10:41:00Z,1,Wy_2_2_CheeseB,SRP346349,2
SRR16955686,AMPLICON,302,12961538,2,PRJNA778418,SAMN23169410,"MIMS.me,MIGS/MIMS/MIMARKS.microbial",4109483,UNIVERSITY OF CALIFORNIA SAN DIEGO,B,2020-02-04,public,"run.zq,sra,fastq","s3,gs,ncbi","ncbi.public,s3.us-east-1,gs.us-east1",na,193,anthropogenic environmental material[ENVO:0010001],cheese product[ENVO:00002189],cheese rind biofilm,SRX13147258,USA,North America,USA,Illumina iSeq 100,44.587655 N 72.268324 W,Wy_2_1_CheeseB_16S_Amplicon,PAIRED,PCR,METAGENOMIC,food fermentation metagenome,ILLUMINA,2022-11-01T00:00:00Z,2021-11-16T10:41:00Z,1,Wy_2_1_CheeseB,SRP346349,1
SRR16955687,AMPLICON,302,15186372,1,PRJNA778418,SAMN23169409,"MIMS.me,MIGS/MIMS/MIMARKS.microbial",4792023,UNIVERSITY OF CALIFORNIA SAN DIEGO,B,2020-04-21,public,"fastq,run.zq,sra","gs,ncbi,s3","gs.us-east1,s3.us-east-1,ncbi.public",na,193,anthropogenic environmental material[ENVO:0010001],cheese product[ENVO:00002189],cheese rind biofilm,SRX13147257,USA,North America,USA,Illumina iSeq 100,44.587655 N 72.268324 W,Wy_1_6_CheeseB_16S_Amplicon,PAIRED,PCR,METAGENOMIC,food fermentation metagenome,ILLUMINA,2022-11-01T00:00:00Z,2021-11-16T10:41:00Z,1,Wy_1_6_CheeseB,SRP346349,13
SRR16955688,AMPLICON,302,17326042,1,PRJNA778418,SAMN23169408,"MIMS.me,MIGS/MIMS/MIMARKS.microbial",5448373,UNIVERSITY OF CALIFORNIA SAN DIEGO,B,2020-03-24,public,"sra,fastq,run.zq","s3,ncbi,gs","s3.us-east-1,ncbi.public,gs.us-east1",na,193,anthropogenic environmental material[ENVO:0010001],cheese product[ENVO:00002189],cheese rind biofilm,SRX13147256,USA,North America,USA,Illumina iSeq 100,44.587655 N 72.268324 W,Wy_1_5_CheeseB_16S_Amplicon,PAIRED,PCR,METAGENOMIC,food fermentation metagenome,ILLUMINA,2022-11-01T00:00:00Z,2021-11-16T10:41:00Z,1,Wy_1_5_CheeseB,SRP346349,9
SRR16955689,AMPLICON,302,15823894,1,PRJNA778418,SAMN23169407,"MIMS.me,MIGS/MIMS/MIMARKS.microbial",5046732,UNIVERSITY OF CALIFORNIA SAN DIEGO,B,2020-02-20,public,"run.zq,sra,fastq","ncbi,s3,gs","s3.us-east-1,gs.us-east1,ncbi.public",na,193,anthropogenic environmental material[ENVO:0010001],cheese product[ENVO:00002189],cheese rind biofilm,SRX13147255,USA,North America,USA,Illumina iSeq 100,44.587655 N 72.268324 W,Wy_1_4_CheeseB_16S_Amplicon,PAIRED,PCR,METAGENOMIC,food fermentation metagenome,ILLUMINA,2022-11-01T00:00:00Z,2021-11-16T10:41:00Z,1,Wy_1_4_CheeseB,SRP346349,4
SRR16955690,AMPLICON,302,11761390,1,PRJNA778418,SAMN23169406,"MIMS.me,MIGS/MIMS/MIMARKS.microbial",3734029,UNIVERSITY OF CALIFORNIA SAN DIEGO,B,2020-02-11,public,"fastq,run.zq,sra","s3,gs,ncbi","ncbi.public,s3.us-east-1,gs.us-east1",na,193,anthropogenic environmental material[ENVO:0010001],cheese product[ENVO:00002189],cheese rind biofilm,SRX13147254,USA,North America,USA,Illumina iSeq 100,44.587655 N 72.268324 W,Wy_1_3_CheeseB_16S_Amplicon,PAIRED,PCR,METAGENOMIC,food fermentation metagenome,ILLUMINA,2022-11-01T00:00:00Z,2021-11-16T10:41:00Z,1,Wy_1_3_CheeseB,SRP346349,3
SRR16955691,AMPLICON,302,14726426,1,PRJNA778418,SAMN23169388,"MIMS.me,MIGS/MIMS/MIMARKS.microbial",4703824,UNIVERSITY OF CALIFORNIA SAN DIEGO,A,2020-02-11,public,"fastq,run.zq,sra","ncbi,gs,s3","s3.us-east-1,ncbi.public,gs.us-east1",na,193,anthropogenic environmental material[ENVO:0010001],cheese product[ENVO:00002189],cheese rind biofilm,SRX13147253,USA,North America,USA,Illumina iSeq 100,44.587655 N 72.268324 W,O_1_3_CheeseA_16S_Amplicon,PAIRED,PCR,METAGENOMIC,food fermentation metagenome,ILLUMINA,2022-11-01T00:00:00Z,2021-11-16T10:41:00Z,1,O_1_3_CheeseA,SRP346349,3
SRR16955692,AMPLICON,302,13928240,1,PRJNA778418,SAMN23169405,"MIMS.me,MIGS/MIMS/MIMARKS.microbial",4510896,UNIVERSITY OF CALIFORNIA SAN DIEGO,B,2020-02-04,public,"run.zq,sra,fastq","ncbi,gs,s3","ncbi.public,gs.us-east1,s3.us-east-1",na,193,anthropogenic environmental material[ENVO:0010001],cheese product[ENVO:00002189],cheese rind biofilm,SRX13147252,USA,North America,USA,Illumina iSeq 100,44.587655 N 72.268324 W,Wy_1_2_CheeseB_16S_Amplicon,PAIRED,PCR,METAGENOMIC,food fermentation metagenome,ILLUMINA,2022-11-01T00:00:00Z,2021-11-16T10:41:00Z,1,Wy_1_2_CheeseB,SRP346349,2
SRR16955693,AMPLICON,302,13979580,1,PRJNA778418,SAMN23169404,"MIMS.me,MIGS/MIMS/MIMARKS.microbial",4448697,UNIVERSITY OF CALIFORNIA SAN DIEGO,B,2020-01-29,public,"fastq,sra,run.zq","ncbi,s3,gs","ncbi.public,s3.us-east-1,gs.us-east1",na,193,anthropogenic environmental material[ENVO:0010001],cheese product[ENVO:00002189],cheese rind biofilm,SRX13147251,USA,North America,USA,Illumina iSeq 100,44.587655 N 72.268324 W,Wy_1_1_CheeseB_16S_Amplicon,PAIRED,PCR,METAGENOMIC,food fermentation metagenome,ILLUMINA,2022-11-01T00:00:00Z,2021-11-16T10:41:00Z,1,Wy_1_1_CheeseB,SRP346349,1
SRR16955694,AMPLICON,302,13999814,3,PRJNA778418,SAMN23169403,"MIMS.me,MIGS/MIMS/MIMARKS.microbial",4425373,UNIVERSITY OF CALIFORNIA SAN DIEGO,A,2020-05-05,public,"run.zq,sra,fastq","s3,gs,ncbi","gs.us-east1,ncbi.public,s3.us-east-1",na,193,anthropogenic environmental material[ENVO:0010001],cheese product[ENVO:00002189],cheese rind biofilm,SRX13147250,USA,North America,USA,Illumina iSeq 100,44.587655 N 72.268324 W,O_3_6_CheeseA_16S_Amplicon,PAIRED,PCR,METAGENOMIC,food fermentation metagenome,ILLUMINA,2022-11-01T00:00:00Z,2021-11-16T10:41:00Z,1,O_3_6_CheeseA,SRP346349,13
SRR16955695,AMPLICON,302,12249422,3,PRJNA778418,SAMN23169402,"MIMS.me,MIGS/MIMS/MIMARKS.microbial",3875047,UNIVERSITY OF CALIFORNIA SAN DIEGO,A,2020-04-07,public,"fastq,sra,run.zq","ncbi,gs,s3","gs.us-east1,ncbi.public,s3.us-east-1",na,193,anthropogenic environmental material[ENVO:0010001],cheese product[ENVO:00002189],cheese rind biofilm,SRX13147249,USA,North America,USA,Illumina iSeq 100,44.587655 N 72.268324 W,O_3_5_CheeseA_16S_Amplicon,PAIRED,PCR,METAGENOMIC,food fermentation metagenome,ILLUMINA,2022-11-01T00:00:00Z,2021-11-16T10:41:00Z,1,O_3_5_CheeseA,SRP346349,9
SRR16955696,AMPLICON,302,11997856,3,PRJNA778418,SAMN23169401,"MIMS.me,MIGS/MIMS/MIMARKS.microbial",3835041,UNIVERSITY OF CALIFORNIA SAN DIEGO,A,2020-03-03,public,"fastq,sra,run.zq","s3,ncbi,gs","s3.us-east-1,gs.us-east1,ncbi.public",na,193,anthropogenic environmental material[ENVO:0010001],cheese product[ENVO:00002189],cheese rind biofilm,SRX13147248,USA,North America,USA,Illumina iSeq 100,44.587655 N 72.268324 W,O_3_4_CheeseA_16S_Amplicon,PAIRED,PCR,METAGENOMIC,food fermentation metagenome,ILLUMINA,2022-11-01T00:00:00Z,2021-11-16T10:41:00Z,1,O_3_4_CheeseA,SRP346349,4
SRR16955697,AMPLICON,302,14261950,3,PRJNA778418,SAMN23169400,"MIMS.me,MIGS/MIMS/MIMARKS.microbial",4539252,UNIVERSITY OF CALIFORNIA SAN DIEGO,A,2020-02-25,public,"sra,fastq,run.zq","ncbi,gs,s3","ncbi.public,s3.us-east-1,gs.us-east1",na,193,anthropogenic environmental material[ENVO:0010001],cheese product[ENVO:00002189],cheese rind biofilm,SRX13147247,USA,North America,USA,Illumina iSeq 100,44.587655 N 72.268324 W,O_3_3_CheeseA_16S_Amplicon,PAIRED,PCR,METAGENOMIC,food fermentation metagenome,ILLUMINA,2022-11-01T00:00:00Z,2021-11-16T10:41:00Z,1,O_3_3_CheeseA,SRP346349,3
SRR16955698,AMPLICON,302,12935868,3,PRJNA778418,SAMN23169399,"MIMS.me,MIGS/MIMS/MIMARKS.microbial",4117049,UNIVERSITY OF CALIFORNIA SAN DIEGO,A,2020-02-20,public,"fastq,run.zq,sra","ncbi,gs,s3","gs.us-east1,ncbi.public,s3.us-east-1",na,193,anthropogenic environmental material[ENVO:0010001],cheese product[ENVO:00002189],cheese rind biofilm,SRX13147246,USA,North America,USA,Illumina iSeq 100,44.587655 N 72.268324 W,O_3_2_CheeseA_16S_Amplicon,PAIRED,PCR,METAGENOMIC,food fermentation metagenome,ILLUMINA,2022-11-01T00:00:00Z,2021-11-16T10:41:00Z,1,O_3_2_CheeseA,SRP346349,2
SRR16955699,AMPLICON,302,15359116,3,PRJNA778418,SAMN23169398,"MIMS.me,MIGS/MIMS/MIMARKS.microbial",4876950,UNIVERSITY OF CALIFORNIA SAN DIEGO,A,2020-02-11,public,"run.zq,fastq,sra","gs,ncbi,s3","ncbi.public,s3.us-east-1,gs.us-east1",na,193,anthropogenic environmental material[ENVO:0010001],cheese product[ENVO:00002189],cheese rind biofilm,SRX13147245,USA,North America,USA,Illumina iSeq 100,44.587655 N 72.268324 W,O_3_1_CheeseA_16S_Amplicon,PAIRED,PCR,METAGENOMIC,food fermentation metagenome,ILLUMINA,2022-11-01T00:00:00Z,2021-11-16T10:41:00Z,1,O_3_1_CheeseA,SRP346349,1
SRR16955700,AMPLICON,302,15006984,2,PRJNA778418,SAMN23169397,"MIMS.me,MIGS/MIMS/MIMARKS.microbial",4720961,UNIVERSITY OF CALIFORNIA SAN DIEGO,A,2020-04-28,public,"sra,fastq,run.zq","gs,s3,ncbi","ncbi.public,gs.us-east1,s3.us-east-1",na,193,anthropogenic environmental material[ENVO:0010001],cheese product[ENVO:00002189],cheese rind biofilm,SRX13147244,USA,North America,USA,Illumina iSeq 100,44.587655 N 72.268324 W,O_2_6_CheeseA_16S_Amplicon,PAIRED,PCR,METAGENOMIC,food fermentation metagenome,ILLUMINA,2022-11-01T00:00:00Z,2021-11-16T10:41:00Z,1,O_2_6_CheeseA,SRP346349,13
SRR16955701,AMPLICON,302,13756704,2,PRJNA778418,SAMN23169396,"MIMS.me,MIGS/MIMS/MIMARKS.microbial",4383149,UNIVERSITY OF CALIFORNIA SAN DIEGO,A,2020-03-31,public,"run.zq,fastq,sra","s3,ncbi,gs","gs.us-east1,s3.us-east-1,ncbi.public",na,193,anthropogenic environmental material[ENVO:0010001],cheese product[ENVO:00002189],cheese rind biofilm,SRX13147243,USA,North America,USA,Illumina iSeq 100,44.587655 N 72.268324 W,O_2_5_CheeseA_16S_Amplicon,PAIRED,PCR,METAGENOMIC,food fermentation metagenome,ILLUMINA,2022-11-01T00:00:00Z,2021-11-16T10:41:00Z,1,O_2_5_CheeseA,SRP346349,9
SRR16955702,AMPLICON,302,13161160,1,PRJNA778418,SAMN23169387,"MIMS.me,MIGS/MIMS/MIMARKS.microbial",4218780,UNIVERSITY OF CALIFORNIA SAN DIEGO,A,2020-02-04,public,"sra,fastq,run.zq","gs,ncbi,s3","s3.us-east-1,ncbi.public,gs.us-east1",na,193,anthropogenic environmental material[ENVO:0010001],cheese product[ENVO:00002189],cheese rind biofilm,SRX13147242,USA,North America,USA,Illumina iSeq 100,44.587655 N 72.268324 W,O_1_2_CheeseA_16S_Amplicon,PAIRED,PCR,METAGENOMIC,food fermentation metagenome,ILLUMINA,2022-11-01T00:00:00Z,2021-11-16T10:41:00Z,1,O_1_2_CheeseA,SRP346349,2
SRR16955703,AMPLICON,302,17325136,1,PRJNA778418,SAMN23169386,"MIMS.me,MIGS/MIMS/MIMARKS.microbial",5468819,UNIVERSITY OF CALIFORNIA SAN DIEGO,A,2020-01-29,public,"run.zq,fastq,sra","s3,gs,ncbi","gs.us-east1,s3.us-east-1,ncbi.public",na,193,anthropogenic environmental material[ENVO:0010001],cheese product[ENVO:00002189],cheese rind biofilm,SRX13147241,USA,North America,USA,Illumina iSeq 100,44.587655 N 72.268324 W,O_1_1_CheeseA_16S_Amplicon,PAIRED,PCR,METAGENOMIC,food fermentation metagenome,ILLUMINA,2022-11-01T00:00:00Z,2021-11-16T10:41:00Z,1,O_1_1_CheeseA,SRP346349,1
SRR17128800,AMPLICON,302,38802168,1,PRJNA778418,SAMN23169424,"MIMS.me,MIGS/MIMS/MIMARKS.microbial",10099578,UNIVERSITY OF CALIFORNIA SAN DIEGO,C,2020-02-11,public,"fastq,run.zq,sra","s3,gs,ncbi","gs.us-east1,s3.us-east-1,ncbi.public",na,193,anthropogenic environmental material[ENVO:0010001],cheese product[ENVO:00002189],cheese rind biofilm,SRX13313327,USA,North America,USA,Illumina iSeq 100,44.587655 N 72.268324 W,We_1_3_CheeseC_ITS_Amplicon,PAIRED,PCR,METAGENOMIC,food fermentation metagenome,ILLUMINA,2022-11-01T00:00:00Z,2021-12-04T05:35:00Z,1,We_1_3_CheeseC,SRP346349,3
SRR17128801,AMPLICON,302,42812124,1,PRJNA778418,SAMN23169423,"MIMS.me,MIGS/MIMS/MIMARKS.microbial",10742140,UNIVERSITY OF CALIFORNIA SAN DIEGO,C,2020-02-04,public,"run.zq,sra,fastq","gs,s3,ncbi","ncbi.public,s3.us-east-1,gs.us-east1",na,193,anthropogenic environmental material[ENVO:0010001],cheese product[ENVO:00002189],cheese rind biofilm,SRX13313326,USA,North America,USA,Illumina iSeq 100,44.587655 N 72.268324 W,We_1_2_CheeseC_ITS_Amplicon,PAIRED,PCR,METAGENOMIC,food fermentation metagenome,ILLUMINA,2022-11-01T00:00:00Z,2021-12-04T05:35:00Z,1,We_1_2_CheeseC,SRP346349,2
SRR17128802,AMPLICON,302,38914814,1,PRJNA778418,SAMN23169422,"MIMS.me,MIGS/MIMS/MIMARKS.microbial",9976257,UNIVERSITY OF CALIFORNIA SAN DIEGO,C,2020-01-29,public,"run.zq,fastq,sra","gs,s3,ncbi","gs.us-east1,s3.us-east-1,ncbi.public",na,193,anthropogenic environmental material[ENVO:0010001],cheese product[ENVO:00002189],cheese rind biofilm,SRX13313325,USA,North America,USA,Illumina iSeq 100,44.587655 N 72.268324 W,We_1_1_CheeseC_ITS_Amplicon,PAIRED,PCR,METAGENOMIC,food fermentation metagenome,ILLUMINA,2022-11-01T00:00:00Z,2021-12-04T05:35:00Z,1,We_1_1_CheeseC,SRP346349,1
SRR17128803,AMPLICON,302,34750234,3,PRJNA778418,SAMN23169421,"MIMS.me,MIGS/MIMS/MIMARKS.microbial",8762609,UNIVERSITY OF CALIFORNIA SAN DIEGO,B,2020-05-05,public,"sra,run.zq,fastq","ncbi,s3,gs","gs.us-east1,s3.us-east-1,ncbi.public",na,193,anthropogenic environmental material[ENVO:0010001],cheese product[ENVO:00002189],cheese rind biofilm,SRX13313324,USA,North America,USA,Illumina iSeq 100,44.587655 N 72.268324 W,Wy_3_6_CheeseB_ITS_Amplicon,PAIRED,PCR,METAGENOMIC,food fermentation metagenome,ILLUMINA,2022-11-01T00:00:00Z,2021-12-04T05:35:00Z,1,Wy_3_6_CheeseB,SRP346349,13
SRR17128804,AMPLICON,302,32323664,3,PRJNA778418,SAMN23169420,"MIMS.me,MIGS/MIMS/MIMARKS.microbial",8068839,UNIVERSITY OF CALIFORNIA SAN DIEGO,B,2020-04-07,public,"run.zq,fastq,sra","s3,gs,ncbi","ncbi.public,gs.us-east1,s3.us-east-1",na,193,anthropogenic environmental material[ENVO:0010001],cheese product[ENVO:00002189],cheese rind biofilm,SRX13313323,USA,North America,USA,Illumina iSeq 100,44.587655 N 72.268324 W,Wy_3_5_CheeseB_ITS_Amplicon,PAIRED,PCR,METAGENOMIC,food fermentation metagenome,ILLUMINA,2022-11-01T00:00:00Z,2021-12-04T05:35:00Z,1,Wy_3_5_CheeseB,SRP346349,9
SRR17128805,AMPLICON,302,35123204,3,PRJNA778418,SAMN23169419,"MIMS.me,MIGS/MIMS/MIMARKS.microbial",9077257,UNIVERSITY OF CALIFORNIA SAN DIEGO,B,2020-03-03,public,"sra,run.zq,fastq","s3,gs,ncbi","ncbi.public,gs.us-east1,s3.us-east-1",na,193,anthropogenic environmental material[ENVO:0010001],cheese product[ENVO:00002189],cheese rind biofilm,SRX13313322,USA,North America,USA,Illumina iSeq 100,44.587655 N 72.268324 W,Wy_3_4_CheeseB_ITS_Amplicon,PAIRED,PCR,METAGENOMIC,food fermentation metagenome,ILLUMINA,2022-11-01T00:00:00Z,2021-12-04T05:35:00Z,1,Wy_3_4_CheeseB,SRP346349,4
SRR17128806,AMPLICON,302,21377674,3,PRJNA778418,SAMN23169418,"MIMS.me,MIGS/MIMS/MIMARKS.microbial",5624015,UNIVERSITY OF CALIFORNIA SAN DIEGO,B,2020-02-25,public,"fastq,sra,run.zq","ncbi,s3,gs","s3.us-east-1,gs.us-east1,ncbi.public",na,193,anthropogenic environmental material[ENVO:0010001],cheese product[ENVO:00002189],cheese rind biofilm,SRX13313321,USA,North America,USA,Illumina iSeq 100,44.587655 N 72.268324 W,Wy_3_3_CheeseB_ITS_Amplicon,PAIRED,PCR,METAGENOMIC,food fermentation metagenome,ILLUMINA,2022-11-01T00:00:00Z,2021-12-04T05:35:00Z,1,Wy_3_3_CheeseB,SRP346349,3
SRR17128807,AMPLICON,302,26141120,3,PRJNA778418,SAMN23169417,"MIMS.me,MIGS/MIMS/MIMARKS.microbial",6832688,UNIVERSITY OF CALIFORNIA SAN DIEGO,B,2020-02-20,public,"fastq,run.zq,sra","ncbi,gs,s3","s3.us-east-1,gs.us-east1,ncbi.public",na,193,anthropogenic environmental material[ENVO:0010001],cheese product[ENVO:00002189],cheese rind biofilm,SRX13313320,USA,North America,USA,Illumina iSeq 100,44.587655 N 72.268324 W,Wy_3_2_CheeseB_ITS_Amplicon,PAIRED,PCR,METAGENOMIC,food fermentation metagenome,ILLUMINA,2022-11-01T00:00:00Z,2021-12-04T05:35:00Z,1,Wy_3_2_CheeseB,SRP346349,2
SRR17128808,AMPLICON,302,24939462,2,PRJNA778418,SAMN23169395,"MIMS.me,MIGS/MIMS/MIMARKS.microbial",6768351,UNIVERSITY OF CALIFORNIA SAN DIEGO,A,2020-02-25,public,"sra,fastq,run.zq","s3,ncbi,gs","gs.us-east1,s3.us-east-1,ncbi.public",na,193,anthropogenic environmental material[ENVO:0010001],cheese product[ENVO:00002189],cheese rind biofilm,SRX13313319,USA,North America,USA,Illumina iSeq 100,44.587655 N 72.268324 W,O_2_4_CheeseA_ITS_Amplicon,PAIRED,PCR,METAGENOMIC,food fermentation metagenome,ILLUMINA,2022-11-01T00:00:00Z,2021-12-04T05:35:00Z,1,O_2_4_CheeseA,SRP346349,4
SRR17128809,AMPLICON,302,23827800,2,PRJNA778418,SAMN23169394,"MIMS.me,MIGS/MIMS/MIMARKS.microbial",6518220,UNIVERSITY OF CALIFORNIA SAN DIEGO,A,2020-02-20,public,"fastq,sra,run.zq","ncbi,gs,s3","ncbi.public,s3.us-east-1,gs.us-east1",na,193,anthropogenic environmental material[ENVO:0010001],cheese product[ENVO:00002189],cheese rind biofilm,SRX13313318,USA,North America,USA,Illumina iSeq 100,44.587655 N 72.268324 W,O_2_3_CheeseA_ITS_Amplicon,PAIRED,PCR,METAGENOMIC,food fermentation metagenome,ILLUMINA,2022-11-01T00:00:00Z,2021-12-04T05:35:00Z,1,O_2_3_CheeseA,SRP346349,3
SRR17128810,AMPLICON,302,23338862,2,PRJNA778418,SAMN23169393,"MIMS.me,MIGS/MIMS/MIMARKS.microbial",6325227,UNIVERSITY OF CALIFORNIA SAN DIEGO,A,2020-02-11,public,"sra,fastq,run.zq","ncbi,s3,gs","s3.us-east-1,ncbi.public,gs.us-east1",na,193,anthropogenic environmental material[ENVO:0010001],cheese product[ENVO:00002189],cheese rind biofilm,SRX13313317,USA,North America,USA,Illumina iSeq 100,44.587655 N 72.268324 W,O_2_2_CheeseA_ITS_Amplicon,PAIRED,PCR,METAGENOMIC,food fermentation metagenome,ILLUMINA,2022-11-01T00:00:00Z,2021-12-04T05:35:00Z,1,O_2_2_CheeseA,SRP346349,2
SRR17128811,AMPLICON,302,30957416,2,PRJNA778418,SAMN23169392,"MIMS.me,MIGS/MIMS/MIMARKS.microbial",7610056,UNIVERSITY OF CALIFORNIA SAN DIEGO,A,2020-02-04,public,"sra,run.zq,fastq","s3,gs,ncbi","gs.us-east1,ncbi.public,s3.us-east-1",na,193,anthropogenic environmental material[ENVO:0010001],cheese product[ENVO:00002189],cheese rind biofilm,SRX13313316,USA,North America,USA,Illumina iSeq 100,44.587655 N 72.268324 W,O_2_1_CheeseA_ITS_Amplicon,PAIRED,PCR,METAGENOMIC,food fermentation metagenome,ILLUMINA,2022-11-01T00:00:00Z,2021-12-04T05:35:00Z,1,O_2_1_CheeseA,SRP346349,1
SRR17128812,AMPLICON,302,29654890,3,PRJNA778418,SAMN23169439,"MIMS.me,MIGS/MIMS/MIMARKS.microbial",8145833,UNIVERSITY OF CALIFORNIA SAN DIEGO,C,2020-05-05,public,"sra,run.zq,fastq","s3,gs,ncbi","ncbi.public,gs.us-east1,s3.us-east-1",na,193,anthropogenic environmental material[ENVO:0010001],cheese product[ENVO:00002189],cheese rind biofilm,SRX13313315,USA,North America,USA,Illumina iSeq 100,44.587655 N 72.268324 W,We_3_6_CheeseC_ITS_Amplicon,PAIRED,PCR,METAGENOMIC,food fermentation metagenome,ILLUMINA,2022-11-01T00:00:00Z,2021-12-04T05:35:00Z,1,We_3_6_CheeseC,SRP346349,13
SRR17128813,AMPLICON,302,32962092,3,PRJNA778418,SAMN23169416,"MIMS.me,MIGS/MIMS/MIMARKS.microbial",8252840,UNIVERSITY OF CALIFORNIA SAN DIEGO,B,2020-02-11,public,"run.zq,fastq,sra","s3,ncbi,gs","s3.us-east-1,ncbi.public,gs.us-east1",na,193,anthropogenic environmental material[ENVO:0010001],cheese product[ENVO:00002189],cheese rind biofilm,SRX13313314,USA,North America,USA,Illumina iSeq 100,44.587655 N 72.268324 W,Wy_3_1_CheeseB_ITS_Amplicon,PAIRED,PCR,METAGENOMIC,food fermentation metagenome,ILLUMINA,2022-11-01T00:00:00Z,2021-12-04T05:35:00Z,1,Wy_3_1_CheeseB,SRP346349,1
SRR17128814,AMPLICON,302,25316056,1,PRJNA778418,SAMN23169389,"MIMS.me,MIGS/MIMS/MIMARKS.microbial",7120355,UNIVERSITY OF CALIFORNIA SAN DIEGO,A,2020-02-20,public,"fastq,run.zq,sra","gs,s3,ncbi","gs.us-east1,ncbi.public,s3.us-east-1",na,193,anthropogenic environmental material[ENVO:0010001],cheese product[ENVO:00002189],cheese rind biofilm,SRX13313313,USA,North America,USA,Illumina iSeq 100,44.587655 N 72.268324 W,O_1_4_CheeseA_ITS_Amplicon,PAIRED,PCR,METAGENOMIC,food fermentation metagenome,ILLUMINA,2022-11-01T00:00:00Z,2021-12-04T05:35:00Z,1,O_1_4_CheeseA,SRP346349,4
SRR17128815,AMPLICON,302,37997942,2,PRJNA778418,SAMN23169415,"MIMS.me,MIGS/MIMS/MIMARKS.microbial",9633698,UNIVERSITY OF CALIFORNIA SAN DIEGO,B,2020-04-28,public,"sra,fastq,run.zq","ncbi,gs,s3","gs.us-east1,s3.us-east-1,ncbi.public",na,193,anthropogenic environmental material[ENVO:0010001],cheese product[ENVO:00002189],cheese rind biofilm,SRX13313312,USA,North America,USA,Illumina iSeq 100,44.587655 N 72.268324 W,Wy_2_6_CheeseB_ITS_Amplicon,PAIRED,PCR,METAGENOMIC,food fermentation metagenome,ILLUMINA,2022-11-01T00:00:00Z,2021-12-04T05:35:00Z,1,Wy_2_6_CheeseB,SRP346349,13
SRR17128816,AMPLICON,302,40938818,2,PRJNA778418,SAMN23169414,"MIMS.me,MIGS/MIMS/MIMARKS.microbial",10518631,UNIVERSITY OF CALIFORNIA SAN DIEGO,B,2020-03-31,public,"fastq,run.zq,sra","s3,ncbi,gs","s3.us-east-1,gs.us-east1,ncbi.public",na,193,anthropogenic environmental material[ENVO:0010001],cheese product[ENVO:00002189],cheese rind biofilm,SRX13313311,USA,North America,USA,Illumina iSeq 100,44.587655 N 72.268324 W,Wy_2_5_CheeseB_ITS_Amplicon,PAIRED,PCR,METAGENOMIC,food fermentation metagenome,ILLUMINA,2022-11-01T00:00:00Z,2021-12-04T05:35:00Z,1,Wy_2_5_CheeseB,SRP346349,9
SRR17128817,AMPLICON,302,37582692,2,PRJNA778418,SAMN23169413,"MIMS.me,MIGS/MIMS/MIMARKS.microbial",9394935,UNIVERSITY OF CALIFORNIA SAN DIEGO,B,2020-02-25,public,"sra,fastq,run.zq","gs,s3,ncbi","ncbi.public,s3.us-east-1,gs.us-east1",na,193,anthropogenic environmental material[ENVO:0010001],cheese product[ENVO:00002189],cheese rind biofilm,SRX13313310,USA,North America,USA,Illumina iSeq 100,44.587655 N 72.268324 W,Wy_2_4_CheeseB_ITS_Amplicon,PAIRED,PCR,METAGENOMIC,food fermentation metagenome,ILLUMINA,2022-11-01T00:00:00Z,2021-12-04T05:35:00Z,1,Wy_2_4_CheeseB,SRP346349,4
SRR17128818,AMPLICON,302,34607690,2,PRJNA778418,SAMN23169412,"MIMS.me,MIGS/MIMS/MIMARKS.microbial",8790570,UNIVERSITY OF CALIFORNIA SAN DIEGO,B,2020-02-20,public,"run.zq,fastq,sra","gs,ncbi,s3","gs.us-east1,ncbi.public,s3.us-east-1",na,193,anthropogenic environmental material[ENVO:0010001],cheese product[ENVO:00002189],cheese rind biofilm,SRX13313309,USA,North America,USA,Illumina iSeq 100,44.587655 N 72.268324 W,Wy_2_3_CheeseB_ITS_Amplicon,PAIRED,PCR,METAGENOMIC,food fermentation metagenome,ILLUMINA,2022-11-01T00:00:00Z,2021-12-04T05:35:00Z,1,Wy_2_3_CheeseB,SRP346349,3
SRR17128819,AMPLICON,302,30483578,2,PRJNA778418,SAMN23169411,"MIMS.me,MIGS/MIMS/MIMARKS.microbial",7980820,UNIVERSITY OF CALIFORNIA SAN DIEGO,B,2020-02-11,public,"fastq,sra,run.zq","gs,s3,ncbi","s3.us-east-1,gs.us-east1,ncbi.public",na,193,anthropogenic environmental material[ENVO:0010001],cheese product[ENVO:00002189],cheese rind biofilm,SRX13313308,USA,North America,USA,Illumina iSeq 100,44.587655 N 72.268324 W,Wy_2_2_CheeseB_ITS_Amplicon,PAIRED,PCR,METAGENOMIC,food fermentation metagenome,ILLUMINA,2022-11-01T00:00:00Z,2021-12-04T05:35:00Z,1,Wy_2_2_CheeseB,SRP346349,2
SRR17128820,AMPLICON,302,33280702,2,PRJNA778418,SAMN23169410,"MIMS.me,MIGS/MIMS/MIMARKS.microbial",8802112,UNIVERSITY OF CALIFORNIA SAN DIEGO,B,2020-02-04,public,"sra,run.zq,fastq","s3,ncbi,gs","ncbi.public,gs.us-east1,s3.us-east-1",na,193,anthropogenic environmental material[ENVO:0010001],cheese product[ENVO:00002189],cheese rind biofilm,SRX13313307,USA,North America,USA,Illumina iSeq 100,44.587655 N 72.268324 W,Wy_2_1_CheeseB_ITS_Amplicon,PAIRED,PCR,METAGENOMIC,food fermentation metagenome,ILLUMINA,2022-11-01T00:00:00Z,2021-12-04T05:35:00Z,1,Wy_2_1_CheeseB,SRP346349,1
SRR17128821,AMPLICON,302,31359378,3,PRJNA778418,SAMN23169438,"MIMS.me,MIGS/MIMS/MIMARKS.microbial",8594073,UNIVERSITY OF CALIFORNIA SAN DIEGO,C,2020-04-07,public,"sra,run.zq,fastq","gs,s3,ncbi","ncbi.public,s3.us-east-1,gs.us-east1",na,193,anthropogenic environmental material[ENVO:0010001],cheese product[ENVO:00002189],cheese rind biofilm,SRX13313306,USA,North America,USA,Illumina iSeq 100,44.587655 N 72.268324 W,We_3_5_CheeseC_ITS_Amplicon,PAIRED,PCR,METAGENOMIC,food fermentation metagenome,ILLUMINA,2022-11-01T00:00:00Z,2021-12-04T05:35:00Z,1,We_3_5_CheeseC,SRP346349,9
SRR17128822,AMPLICON,302,28952136,3,PRJNA778418,SAMN23169437,"MIMS.me,MIGS/MIMS/MIMARKS.microbial",7997820,UNIVERSITY OF CALIFORNIA SAN DIEGO,C,2020-03-03,public,"fastq,run.zq,sra","ncbi,s3,gs","gs.us-east1,ncbi.public,s3.us-east-1",na,193,anthropogenic environmental material[ENVO:0010001],cheese product[ENVO:00002189],cheese rind biofilm,SRX13313305,USA,North America,USA,Illumina iSeq 100,44.587655 N 72.268324 W,We_3_4_CheeseC_ITS_Amplicon,PAIRED,PCR,METAGENOMIC,food fermentation metagenome,ILLUMINA,2022-11-01T00:00:00Z,2021-12-04T05:35:00Z,1,We_3_4_CheeseC,SRP346349,4
SRR17128823,AMPLICON,302,33478814,3,PRJNA778418,SAMN23169436,"MIMS.me,MIGS/MIMS/MIMARKS.microbial",8665616,UNIVERSITY OF CALIFORNIA SAN DIEGO,C,2020-02-25,public,"sra,fastq,run.zq","gs,ncbi,s3","ncbi.public,s3.us-east-1,gs.us-east1",na,193,anthropogenic environmental material[ENVO:0010001],cheese product[ENVO:00002189],cheese rind biofilm,SRX13313304,USA,North America,USA,Illumina iSeq 100,44.587655 N 72.268324 W,We_3_3_CheeseC_ITS_Amplicon,PAIRED,PCR,METAGENOMIC,food fermentation metagenome,ILLUMINA,2022-11-01T00:00:00Z,2021-12-04T05:35:00Z,1,We_3_3_CheeseC,SRP346349,3
SRR17128824,AMPLICON,302,28344210,1,PRJNA778418,SAMN23169391,"MIMS.me,MIGS/MIMS/MIMARKS.microbial",8050768,UNIVERSITY OF CALIFORNIA SAN DIEGO,A,2020-04-21,public,"run.zq,fastq,sra","ncbi,gs,s3","ncbi.public,s3.us-east-1,gs.us-east1",na,193,anthropogenic environmental material[ENVO:0010001],cheese product[ENVO:00002189],cheese rind biofilm,SRX13313303,USA,North America,USA,Illumina iSeq 100,44.587655 N 72.268324 W,O_1_6_CheeseA_ITS_Amplicon,PAIRED,PCR,METAGENOMIC,food fermentation metagenome,ILLUMINA,2022-11-01T00:00:00Z,2021-12-04T05:35:00Z,1,O_1_6_CheeseA,SRP346349,13
SRR17128825,AMPLICON,302,33145708,3,PRJNA778418,SAMN23169435,"MIMS.me,MIGS/MIMS/MIMARKS.microbial",8339327,UNIVERSITY OF CALIFORNIA SAN DIEGO,C,2020-02-20,public,"sra,fastq,run.zq","ncbi,s3,gs","s3.us-east-1,ncbi.public,gs.us-east1",na,193,anthropogenic environmental material[ENVO:0010001],cheese product[ENVO:00002189],cheese rind biofilm,SRX13313302,USA,North America,USA,Illumina iSeq 100,44.587655 N 72.268324 W,We_3_2_CheeseC_ITS_Amplicon,PAIRED,PCR,METAGENOMIC,food fermentation metagenome,ILLUMINA,2022-11-01T00:00:00Z,2021-12-04T05:35:00Z,1,We_3_2_CheeseC,SRP346349,2
SRR17128826,AMPLICON,302,44139414,3,PRJNA778418,SAMN23169434,"MIMS.me,MIGS/MIMS/MIMARKS.microbial",11525441,UNIVERSITY OF CALIFORNIA SAN DIEGO,C,2020-02-11,public,"run.zq,fastq,sra","s3,ncbi,gs","gs.us-east1,ncbi.public,s3.us-east-1",na,193,anthropogenic environmental material[ENVO:0010001],cheese product[ENVO:00002189],cheese rind biofilm,SRX13313301,USA,North America,USA,Illumina iSeq 100,44.587655 N 72.268324 W,We_3_1_CheeseC_ITS_Amplicon,PAIRED,PCR,METAGENOMIC,food fermentation metagenome,ILLUMINA,2022-11-01T00:00:00Z,2021-12-04T05:35:00Z,1,We_3_1_CheeseC,SRP346349,1
SRR17128827,AMPLICON,302,36515122,2,PRJNA778418,SAMN23169433,"MIMS.me,MIGS/MIMS/MIMARKS.microbial",9951735,UNIVERSITY OF CALIFORNIA SAN DIEGO,C,2020-04-28,public,"run.zq,sra,fastq","s3,ncbi,gs","ncbi.public,gs.us-east1,s3.us-east-1",na,193,anthropogenic environmental material[ENVO:0010001],cheese product[ENVO:00002189],cheese rind biofilm,SRX13313300,USA,North America,USA,Illumina iSeq 100,44.587655 N 72.268324 W,We_2_6_CheeseC_ITS_Amplicon,PAIRED,PCR,METAGENOMIC,food fermentation metagenome,ILLUMINA,2022-11-01T00:00:00Z,2021-12-04T05:35:00Z,1,We_2_6_CheeseC,SRP346349,13
SRR17128828,AMPLICON,302,29060554,2,PRJNA778418,SAMN23169432,"MIMS.me,MIGS/MIMS/MIMARKS.microbial",8067479,UNIVERSITY OF CALIFORNIA SAN DIEGO,C,2020-03-31,public,"fastq,run.zq,sra","ncbi,s3,gs","gs.us-east1,ncbi.public,s3.us-east-1",na,193,anthropogenic environmental material[ENVO:0010001],cheese product[ENVO:00002189],cheese rind biofilm,SRX13313299,USA,North America,USA,Illumina iSeq 100,44.587655 N 72.268324 W,We_2_5_CheeseC_ITS_Amplicon,PAIRED,PCR,METAGENOMIC,food fermentation metagenome,ILLUMINA,2022-11-01T00:00:00Z,2021-12-04T05:35:00Z,1,We_2_5_CheeseC,SRP346349,9
SRR17128829,AMPLICON,302,29345944,1,PRJNA778418,SAMN23169409,"MIMS.me,MIGS/MIMS/MIMARKS.microbial",8106845,UNIVERSITY OF CALIFORNIA SAN DIEGO,B,2020-04-21,public,"fastq,run.zq,sra","gs,ncbi,s3","gs.us-east1,s3.us-east-1,ncbi.public",na,193,anthropogenic environmental material[ENVO:0010001],cheese product[ENVO:00002189],cheese rind biofilm,SRX13313298,USA,North America,USA,Illumina iSeq 100,44.587655 N 72.268324 W,Wy_1_6_CheeseB_ITS_Amplicon,PAIRED,PCR,METAGENOMIC,food fermentation metagenome,ILLUMINA,2022-11-01T00:00:00Z,2021-12-04T05:35:00Z,1,Wy_1_6_CheeseB,SRP346349,13
SRR17128830,AMPLICON,302,28738018,1,PRJNA778418,SAMN23169408,"MIMS.me,MIGS/MIMS/MIMARKS.microbial",7529556,UNIVERSITY OF CALIFORNIA SAN DIEGO,B,2020-03-24,public,"run.zq,fastq,sra","gs,ncbi,s3","gs.us-east1,ncbi.public,s3.us-east-1",na,193,anthropogenic environmental material[ENVO:0010001],cheese product[ENVO:00002189],cheese rind biofilm,SRX13313297,USA,North America,USA,Illumina iSeq 100,44.587655 N 72.268324 W,Wy_1_5_CheeseB_ITS_Amplicon,PAIRED,PCR,METAGENOMIC,food fermentation metagenome,ILLUMINA,2022-11-01T00:00:00Z,2021-12-04T05:35:00Z,1,Wy_1_5_CheeseB,SRP346349,9
SRR17128831,AMPLICON,302,21944830,1,PRJNA778418,SAMN23169407,"MIMS.me,MIGS/MIMS/MIMARKS.microbial",5809605,UNIVERSITY OF CALIFORNIA SAN DIEGO,B,2020-02-20,public,"run.zq,sra,fastq","s3,gs,ncbi","gs.us-east1,ncbi.public,s3.us-east-1",na,193,anthropogenic environmental material[ENVO:0010001],cheese product[ENVO:00002189],cheese rind biofilm,SRX13313296,USA,North America,USA,Illumina iSeq 100,44.587655 N 72.268324 W,Wy_1_4_CheeseB_ITS_Amplicon,PAIRED,PCR,METAGENOMIC,food fermentation metagenome,ILLUMINA,2022-11-01T00:00:00Z,2021-12-04T05:35:00Z,1,Wy_1_4_CheeseB,SRP346349,4
SRR17128832,AMPLICON,302,26726094,1,PRJNA778418,SAMN23169406,"MIMS.me,MIGS/MIMS/MIMARKS.microbial",6898174,UNIVERSITY OF CALIFORNIA SAN DIEGO,B,2020-02-11,public,"sra,fastq,run.zq","s3,gs,ncbi","gs.us-east1,ncbi.public,s3.us-east-1",na,193,anthropogenic environmental material[ENVO:0010001],cheese product[ENVO:00002189],cheese rind biofilm,SRX13313295,USA,North America,USA,Illumina iSeq 100,44.587655 N 72.268324 W,Wy_1_3_CheeseB_ITS_Amplicon,PAIRED,PCR,METAGENOMIC,food fermentation metagenome,ILLUMINA,2022-11-01T00:00:00Z,2021-12-04T05:35:00Z,1,Wy_1_3_CheeseB,SRP346349,3
SRR17128833,AMPLICON,302,25613224,1,PRJNA778418,SAMN23169388,"MIMS.me,MIGS/MIMS/MIMARKS.microbial",6964762,UNIVERSITY OF CALIFORNIA SAN DIEGO,A,2020-02-11,public,"fastq,sra,run.zq","ncbi,gs,s3","gs.us-east1,s3.us-east-1,ncbi.public",na,193,anthropogenic environmental material[ENVO:0010001],cheese product[ENVO:00002189],cheese rind biofilm,SRX13313294,USA,North America,USA,Illumina iSeq 100,44.587655 N 72.268324 W,O_1_3_CheeseA_ITS_Amplicon,PAIRED,PCR,METAGENOMIC,food fermentation metagenome,ILLUMINA,2022-11-01T00:00:00Z,2021-12-04T05:35:00Z,1,O_1_3_CheeseA,SRP346349,3
SRR17128834,AMPLICON,302,36010782,1,PRJNA778418,SAMN23169405,"MIMS.me,MIGS/MIMS/MIMARKS.microbial",9053335,UNIVERSITY OF CALIFORNIA SAN DIEGO,B,2020-02-04,public,"sra,run.zq,fastq","gs,ncbi,s3","s3.us-east-1,gs.us-east1,ncbi.public",na,193,anthropogenic environmental material[ENVO:0010001],cheese product[ENVO:00002189],cheese rind biofilm,SRX13313293,USA,North America,USA,Illumina iSeq 100,44.587655 N 72.268324 W,Wy_1_2_CheeseB_ITS_Amplicon,PAIRED,PCR,METAGENOMIC,food fermentation metagenome,ILLUMINA,2022-11-01T00:00:00Z,2021-12-04T05:35:00Z,1,Wy_1_2_CheeseB,SRP346349,2
SRR17128835,AMPLICON,302,35712708,1,PRJNA778418,SAMN23169404,"MIMS.me,MIGS/MIMS/MIMARKS.microbial",8975122,UNIVERSITY OF CALIFORNIA SAN DIEGO,B,2020-01-29,public,"run.zq,fastq,sra","s3,gs,ncbi","s3.us-east-1,ncbi.public,gs.us-east1",na,193,anthropogenic environmental material[ENVO:0010001],cheese product[ENVO:00002189],cheese rind biofilm,SRX13313292,USA,North America,USA,Illumina iSeq 100,44.587655 N 72.268324 W,Wy_1_1_CheeseB_ITS_Amplicon,PAIRED,PCR,METAGENOMIC,food fermentation metagenome,ILLUMINA,2022-11-01T00:00:00Z,2021-12-04T05:35:00Z,1,Wy_1_1_CheeseB,SRP346349,1
SRR17128836,AMPLICON,302,22771102,3,PRJNA778418,SAMN23169403,"MIMS.me,MIGS/MIMS/MIMARKS.microbial",6656406,UNIVERSITY OF CALIFORNIA SAN DIEGO,A,2020-05-05,public,"fastq,sra,run.zq","s3,ncbi,gs","gs.us-east1,ncbi.public,s3.us-east-1",na,193,anthropogenic environmental material[ENVO:0010001],cheese product[ENVO:00002189],cheese rind biofilm,SRX13313291,USA,North America,USA,Illumina iSeq 100,44.587655 N 72.268324 W,O_3_6_CheeseA_ITS_Amplicon,PAIRED,PCR,METAGENOMIC,food fermentation metagenome,ILLUMINA,2022-11-01T00:00:00Z,2021-12-04T05:35:00Z,1,O_3_6_CheeseA,SRP346349,13
SRR17128837,AMPLICON,302,34073452,2,PRJNA778418,SAMN23169431,"MIMS.me,MIGS/MIMS/MIMARKS.microbial",8980104,UNIVERSITY OF CALIFORNIA SAN DIEGO,C,2020-02-25,public,"run.zq,sra,fastq","ncbi,s3,gs","gs.us-east1,ncbi.public,s3.us-east-1",na,193,anthropogenic environmental material[ENVO:0010001],cheese product[ENVO:00002189],cheese rind biofilm,SRX13313290,USA,North America,USA,Illumina iSeq 100,44.587655 N 72.268324 W,We_2_4_CheeseC_ITS_Amplicon,PAIRED,PCR,METAGENOMIC,food fermentation metagenome,ILLUMINA,2022-11-01T00:00:00Z,2021-12-04T05:35:00Z,1,We_2_4_CheeseC,SRP346349,4
SRR17128838,AMPLICON,302,33505088,2,PRJNA778418,SAMN23169430,"MIMS.me,MIGS/MIMS/MIMARKS.microbial",8195524,UNIVERSITY OF CALIFORNIA SAN DIEGO,C,2020-02-20,public,"sra,run.zq,fastq","gs,ncbi,s3","s3.us-east-1,ncbi.public,gs.us-east1",na,193,anthropogenic environmental material[ENVO:0010001],cheese product[ENVO:00002189],cheese rind biofilm,SRX13313289,USA,North America,USA,Illumina iSeq 100,44.587655 N 72.268324 W,We_2_3_CheeseC_ITS_Amplicon,PAIRED,PCR,METAGENOMIC,food fermentation metagenome,ILLUMINA,2022-11-01T00:00:00Z,2021-12-04T05:35:00Z,1,We_2_3_CheeseC,SRP346349,3
SRR17128839,AMPLICON,302,34463334,2,PRJNA778418,SAMN23169429,"MIMS.me,MIGS/MIMS/MIMARKS.microbial",8582096,UNIVERSITY OF CALIFORNIA SAN DIEGO,C,2020-02-11,public,"fastq,run.zq,sra","ncbi,gs,s3","s3.us-east-1,gs.us-east1,ncbi.public",na,193,anthropogenic environmental material[ENVO:0010001],cheese product[ENVO:00002189],cheese rind biofilm,SRX13313288,USA,North America,USA,Illumina iSeq 100,44.587655 N 72.268324 W,We_2_2_CheeseC_ITS_Amplicon,PAIRED,PCR,METAGENOMIC,food fermentation metagenome,ILLUMINA,2022-11-01T00:00:00Z,2021-12-04T05:35:00Z,1,We_2_2_CheeseC,SRP346349,2
SRR17128840,AMPLICON,302,35220448,2,PRJNA778418,SAMN23169428,"MIMS.me,MIGS/MIMS/MIMARKS.microbial",9098207,UNIVERSITY OF CALIFORNIA SAN DIEGO,C,2020-02-04,public,"fastq,run.zq,sra","ncbi,gs,s3","ncbi.public,s3.us-east-1,gs.us-east1",na,193,anthropogenic environmental material[ENVO:0010001],cheese product[ENVO:00002189],cheese rind biofilm,SRX13313287,USA,North America,USA,Illumina iSeq 100,44.587655 N 72.268324 W,We_2_1_CheeseC_ITS_Amplicon,PAIRED,PCR,METAGENOMIC,food fermentation metagenome,ILLUMINA,2022-11-01T00:00:00Z,2021-12-04T05:35:00Z,1,We_2_1_CheeseC,SRP346349,1
SRR17128841,AMPLICON,302,34617052,1,PRJNA778418,SAMN23169427,"MIMS.me,MIGS/MIMS/MIMARKS.microbial",9438221,UNIVERSITY OF CALIFORNIA SAN DIEGO,C,2020-04-21,public,"fastq,sra,run.zq","s3,ncbi,gs","s3.us-east-1,gs.us-east1,ncbi.public",na,193,anthropogenic environmental material[ENVO:0010001],cheese product[ENVO:00002189],cheese rind biofilm,SRX13313286,USA,North America,USA,Illumina iSeq 100,44.587655 N 72.268324 W,We_1_6_CheeseC_ITS_Amplicon,PAIRED,PCR,METAGENOMIC,food fermentation metagenome,ILLUMINA,2022-11-01T00:00:00Z,2021-12-04T05:35:00Z,1,We_1_6_CheeseC,SRP346349,13
SRR17128842,AMPLICON,302,35251554,1,PRJNA778418,SAMN23169426,"MIMS.me,MIGS/MIMS/MIMARKS.microbial",9717979,UNIVERSITY OF CALIFORNIA SAN DIEGO,C,2020-03-24,public,"sra,fastq,run.zq","s3,gs,ncbi","ncbi.public,gs.us-east1,s3.us-east-1",na,193,anthropogenic environmental material[ENVO:0010001],cheese product[ENVO:00002189],cheese rind biofilm,SRX13313285,USA,North America,USA,Illumina iSeq 100,44.587655 N 72.268324 W,We_1_5_CheeseC_ITS_Amplicon,PAIRED,PCR,METAGENOMIC,food fermentation metagenome,ILLUMINA,2022-11-01T00:00:00Z,2021-12-04T05:35:00Z,1,We_1_5_CheeseC,SRP346349,9
SRR17128843,AMPLICON,302,24517870,1,PRJNA778418,SAMN23169390,"MIMS.me,MIGS/MIMS/MIMARKS.microbial",6917668,UNIVERSITY OF CALIFORNIA SAN DIEGO,A,2020-03-24,public,"run.zq,sra,fastq","ncbi,s3,gs","ncbi.public,gs.us-east1,s3.us-east-1",na,193,anthropogenic environmental material[ENVO:0010001],cheese product[ENVO:00002189],cheese rind biofilm,SRX13313284,USA,North America,USA,Illumina iSeq 100,44.587655 N 72.268324 W,O_1_5_CheeseA_ITS_Amplicon,PAIRED,PCR,METAGENOMIC,food fermentation metagenome,ILLUMINA,2022-11-01T00:00:00Z,2021-12-04T05:35:00Z,1,O_1_5_CheeseA,SRP346349,9
SRR17128844,AMPLICON,302,29258968,1,PRJNA778418,SAMN23169425,"MIMS.me,MIGS/MIMS/MIMARKS.microbial",8116973,UNIVERSITY OF CALIFORNIA SAN DIEGO,C,2020-02-20,public,"fastq,sra,run.zq","s3,ncbi,gs","s3.us-east-1,gs.us-east1,ncbi.public",na,193,anthropogenic environmental material[ENVO:0010001],cheese product[ENVO:00002189],cheese rind biofilm,SRX13313283,USA,North America,USA,Illumina iSeq 100,44.587655 N 72.268324 W,We_1_4_CheeseC_ITS_Amplicon,PAIRED,PCR,METAGENOMIC,food fermentation metagenome,ILLUMINA,2022-11-01T00:00:00Z,2021-12-04T05:35:00Z,1,We_1_4_CheeseC,SRP346349,4
SRR17128845,AMPLICON,302,24759168,3,PRJNA778418,SAMN23169402,"MIMS.me,MIGS/MIMS/MIMARKS.microbial",7038993,UNIVERSITY OF CALIFORNIA SAN DIEGO,A,2020-04-07,public,"run.zq,fastq,sra","ncbi,gs,s3","s3.us-east-1,gs.us-east1,ncbi.public",na,193,anthropogenic environmental material[ENVO:0010001],cheese product[ENVO:00002189],cheese rind biofilm,SRX13313282,USA,North America,USA,Illumina iSeq 100,44.587655 N 72.268324 W,O_3_5_CheeseA_ITS_Amplicon,PAIRED,PCR,METAGENOMIC,food fermentation metagenome,ILLUMINA,2022-11-01T00:00:00Z,2021-12-04T05:35:00Z,1,O_3_5_CheeseA,SRP346349,9
SRR17128846,AMPLICON,302,21191038,3,PRJNA778418,SAMN23169401,"MIMS.me,MIGS/MIMS/MIMARKS.microbial",6074603,UNIVERSITY OF CALIFORNIA SAN DIEGO,A,2020-03-03,public,"fastq,sra,run.zq","s3,gs,ncbi","s3.us-east-1,gs.us-east1,ncbi.public",na,193,anthropogenic environmental material[ENVO:0010001],cheese product[ENVO:00002189],cheese rind biofilm,SRX13313281,USA,North America,USA,Illumina iSeq 100,44.587655 N 72.268324 W,O_3_4_CheeseA_ITS_Amplicon,PAIRED,PCR,METAGENOMIC,food fermentation metagenome,ILLUMINA,2022-11-01T00:00:00Z,2021-12-04T05:35:00Z,1,O_3_4_CheeseA,SRP346349,4
SRR17128847,AMPLICON,302,22011270,3,PRJNA778418,SAMN23169400,"MIMS.me,MIGS/MIMS/MIMARKS.microbial",6371949,UNIVERSITY OF CALIFORNIA SAN DIEGO,A,2020-02-25,public,"fastq,run.zq,sra","gs,ncbi,s3","gs.us-east1,ncbi.public,s3.us-east-1",na,193,anthropogenic environmental material[ENVO:0010001],cheese product[ENVO:00002189],cheese rind biofilm,SRX13313280,USA,North America,USA,Illumina iSeq 100,44.587655 N 72.268324 W,O_3_3_CheeseA_ITS_Amplicon,PAIRED,PCR,METAGENOMIC,food fermentation metagenome,ILLUMINA,2022-11-01T00:00:00Z,2021-12-04T05:35:00Z,1,O_3_3_CheeseA,SRP346349,3
SRR17128848,AMPLICON,302,25084724,3,PRJNA778418,SAMN23169399,"MIMS.me,MIGS/MIMS/MIMARKS.microbial",6916778,UNIVERSITY OF CALIFORNIA SAN DIEGO,A,2020-02-20,public,"fastq,sra,run.zq","gs,s3,ncbi","ncbi.public,s3.us-east-1,gs.us-east1",na,193,anthropogenic environmental material[ENVO:0010001],cheese product[ENVO:00002189],cheese rind biofilm,SRX13313279,USA,North America,USA,Illumina iSeq 100,44.587655 N 72.268324 W,O_3_2_CheeseA_ITS_Amplicon,PAIRED,PCR,METAGENOMIC,food fermentation metagenome,ILLUMINA,2022-11-01T00:00:00Z,2021-12-04T05:35:00Z,1,O_3_2_CheeseA,SRP346349,2
SRR17128849,AMPLICON,302,33016452,3,PRJNA778418,SAMN23169398,"MIMS.me,MIGS/MIMS/MIMARKS.microbial",8324113,UNIVERSITY OF CALIFORNIA SAN DIEGO,A,2020-02-11,public,"fastq,sra,run.zq","s3,gs,ncbi","s3.us-east-1,gs.us-east1,ncbi.public",na,193,anthropogenic environmental material[ENVO:0010001],cheese product[ENVO:00002189],cheese rind biofilm,SRX13313278,USA,North America,USA,Illumina iSeq 100,44.587655 N 72.268324 W,O_3_1_CheeseA_ITS_Amplicon,PAIRED,PCR,METAGENOMIC,food fermentation metagenome,ILLUMINA,2022-11-01T00:00:00Z,2021-12-04T05:35:00Z,1,O_3_1_CheeseA,SRP346349,1
SRR17128850,AMPLICON,302,30259192,2,PRJNA778418,SAMN23169397,"MIMS.me,MIGS/MIMS/MIMARKS.microbial",8621300,UNIVERSITY OF CALIFORNIA SAN DIEGO,A,2020-04-28,public,"sra,fastq,run.zq","gs,s3,ncbi","ncbi.public,s3.us-east-1,gs.us-east1",na,193,anthropogenic environmental material[ENVO:0010001],cheese product[ENVO:00002189],cheese rind biofilm,SRX13313277,USA,North America,USA,Illumina iSeq 100,44.587655 N 72.268324 W,O_2_6_CheeseA_ITS_Amplicon,PAIRED,PCR,METAGENOMIC,food fermentation metagenome,ILLUMINA,2022-11-01T00:00:00Z,2021-12-04T05:35:00Z,1,O_2_6_CheeseA,SRP346349,13
SRR17128851,AMPLICON,302,22248944,2,PRJNA778418,SAMN23169396,"MIMS.me,MIGS/MIMS/MIMARKS.microbial",6134315,UNIVERSITY OF CALIFORNIA SAN DIEGO,A,2020-03-31,public,"sra,run.zq,fastq","gs,s3,ncbi","s3.us-east-1,gs.us-east1,ncbi.public",na,193,anthropogenic environmental material[ENVO:0010001],cheese product[ENVO:00002189],cheese rind biofilm,SRX13313276,USA,North America,USA,Illumina iSeq 100,44.587655 N 72.268324 W,O_2_5_CheeseA_ITS_Amplicon,PAIRED,PCR,METAGENOMIC,food fermentation metagenome,ILLUMINA,2022-11-01T00:00:00Z,2021-12-04T05:35:00Z,1,O_2_5_CheeseA,SRP346349,9
SRR17128852,AMPLICON,302,24543842,1,PRJNA778418,SAMN23169387,"MIMS.me,MIGS/MIMS/MIMARKS.microbial",6655876,UNIVERSITY OF CALIFORNIA SAN DIEGO,A,2020-02-04,public,"run.zq,sra,fastq","gs,s3,ncbi","gs.us-east1,ncbi.public,s3.us-east-1",na,193,anthropogenic environmental material[ENVO:0010001],cheese product[ENVO:00002189],cheese rind biofilm,SRX13313275,USA,North America,USA,Illumina iSeq 100,44.587655 N 72.268324 W,O_1_2_CheeseA_ITS_Amplicon,PAIRED,PCR,METAGENOMIC,food fermentation metagenome,ILLUMINA,2022-11-01T00:00:00Z,2021-12-04T05:35:00Z,1,O_1_2_CheeseA,SRP346349,2
SRR17128853,AMPLICON,302,30659946,1,PRJNA778418,SAMN23169386,"MIMS.me,MIGS/MIMS/MIMARKS.microbial",7797978,UNIVERSITY OF CALIFORNIA SAN DIEGO,A,2020-01-29,public,"run.zq,fastq,sra","s3,ncbi,gs","s3.us-east-1,gs.us-east1,ncbi.public",na,193,anthropogenic environmental material[ENVO:0010001],cheese product[ENVO:00002189],cheese rind biofilm,SRX13313274,USA,North America,USA,Illumina iSeq 100,44.587655 N 72.268324 W,O_1_1_CheeseA_ITS_Amplicon,PAIRED,PCR,METAGENOMIC,food fermentation metagenome,ILLUMINA,2022-11-01T00:00:00Z,2021-12-04T05:35:00Z,1,O_1_1_CheeseA,SRP346349,1
SRR17208211,Hi-C,300,13648440600,3,PRJNA778418,SAMN23169439,"MIMS.me,MIGS/MIMS/MIMARKS.microbial",5367319120,UNIVERSITY OF CALIFORNIA SAN DIEGO,C,2020-05-05,public,"run.zq,fastq,sra","s3,ncbi,gs","ncbi.public,gs.us-east1,s3.us-east-1",na,193,anthropogenic environmental material[ENVO:0010001],cheese product[ENVO:00002189],cheese rind biofilm,SRX13388135,USA,North America,USA,Illumina HiSeq 4000,44.587655 N 72.268324 W,We_3_6_CheeseC_HiC,PAIRED,other,METAGENOMIC,food fermentation metagenome,ILLUMINA,2022-11-01T00:00:00Z,2021-12-12T08:45:00Z,1,We_3_6_CheeseC,SRP346349,13
SRR17208212,Hi-C,300,18807585300,3,PRJNA778418,SAMN23169437,"MIMS.me,MIGS/MIMS/MIMARKS.microbial",7788989064,UNIVERSITY OF CALIFORNIA SAN DIEGO,C,2020-03-03,public,"sra,run.zq,fastq","gs,s3,ncbi","s3.us-east-1,gs.us-east1,ncbi.public",na,193,anthropogenic environmental material[ENVO:0010001],cheese product[ENVO:00002189],cheese rind biofilm,SRX13388134,USA,North America,USA,Illumina HiSeq 4000,44.587655 N 72.268324 W,We_3_4_CheeseC_HiC,PAIRED,other,METAGENOMIC,food fermentation metagenome,ILLUMINA,2022-11-01T00:00:00Z,2021-12-12T08:49:00Z,1,We_3_4_CheeseC,SRP346349,4
SRR17208213,Hi-C,300,18112766400,3,PRJNA778418,SAMN23169435,"MIMS.me,MIGS/MIMS/MIMARKS.microbial",7291874671,UNIVERSITY OF CALIFORNIA SAN DIEGO,C,2020-02-20,public,"sra,fastq,run.zq","gs,s3,ncbi","ncbi.public,gs.us-east1,s3.us-east-1",na,193,anthropogenic environmental material[ENVO:0010001],cheese product[ENVO:00002189],cheese rind biofilm,SRX13388133,USA,North America,USA,Illumina HiSeq 4000,44.587655 N 72.268324 W,We_3_2_CheeseC_HiC,PAIRED,other,METAGENOMIC,food fermentation metagenome,ILLUMINA,2022-11-01T00:00:00Z,2021-12-12T09:07:00Z,1,We_3_2_CheeseC,SRP346349,2
SRR17208214,Hi-C,300,18408614100,3,PRJNA778418,SAMN23169421,"MIMS.me,MIGS/MIMS/MIMARKS.microbial",7487662942,UNIVERSITY OF CALIFORNIA SAN DIEGO,B,2020-05-05,public,"fastq,sra,run.zq","gs,s3,ncbi","gs.us-east1,ncbi.public,s3.us-east-1",na,193,anthropogenic environmental material[ENVO:0010001],cheese product[ENVO:00002189],cheese rind biofilm,SRX13388132,USA,North America,USA,Illumina HiSeq 4000,44.587655 N 72.268324 W,Wy_3_6_CheeseB_HiC,PAIRED,other,METAGENOMIC,food fermentation metagenome,ILLUMINA,2022-11-01T00:00:00Z,2021-12-12T08:51:00Z,1,Wy_3_6_CheeseB,SRP346349,13
SRR17208215,Hi-C,300,14579029200,3,PRJNA778418,SAMN23169419,"MIMS.me,MIGS/MIMS/MIMARKS.microbial",5769683799,UNIVERSITY OF CALIFORNIA SAN DIEGO,B,2020-03-03,public,"run.zq,sra,fastq","s3,ncbi,gs","ncbi.public,gs.us-east1,s3.us-east-1",na,193,anthropogenic environmental material[ENVO:0010001],cheese product[ENVO:00002189],cheese rind biofilm,SRX13388131,USA,North America,USA,Illumina HiSeq 4000,44.587655 N 72.268324 W,Wy_3_4_CheeseB_HiC,PAIRED,other,METAGENOMIC,food fermentation metagenome,ILLUMINA,2022-11-01T00:00:00Z,2021-12-12T08:45:00Z,1,Wy_3_4_CheeseB,SRP346349,4
SRR17208216,Hi-C,300,20454278400,3,PRJNA778418,SAMN23169417,"MIMS.me,MIGS/MIMS/MIMARKS.microbial",8350079216,UNIVERSITY OF CALIFORNIA SAN DIEGO,B,2020-02-20,public,"run.zq,sra,fastq","ncbi,gs,s3","s3.us-east-1,ncbi.public,gs.us-east1",na,193,anthropogenic environmental material[ENVO:0010001],cheese product[ENVO:00002189],cheese rind biofilm,SRX13388130,USA,North America,USA,Illumina HiSeq 4000,44.587655 N 72.268324 W,Wy_3_2_CheeseB_HiC,PAIRED,other,METAGENOMIC,food fermentation metagenome,ILLUMINA,2022-11-01T00:00:00Z,2021-12-12T09:06:00Z,1,Wy_3_2_CheeseB,SRP346349,2
SRR17208217,Hi-C,300,18123421500,3,PRJNA778418,SAMN23169403,"MIMS.me,MIGS/MIMS/MIMARKS.microbial",7534476650,UNIVERSITY OF CALIFORNIA SAN DIEGO,A,2020-05-05,public,"sra,fastq,run.zq","ncbi,s3,gs","ncbi.public,s3.us-east-1,gs.us-east1",na,193,anthropogenic environmental material[ENVO:0010001],cheese product[ENVO:00002189],cheese rind biofilm,SRX13388129,USA,North America,USA,Illumina HiSeq 4000,44.587655 N 72.268324 W,O_3_6_CheeseA_HiC,PAIRED,other,METAGENOMIC,food fermentation metagenome,ILLUMINA,2022-11-01T00:00:00Z,2021-12-12T08:51:00Z,1,O_3_6_CheeseA,SRP346349,13
SRR17208218,Hi-C,300,20627712600,3,PRJNA778418,SAMN23169399,"MIMS.me,MIGS/MIMS/MIMARKS.microbial",8065033250,UNIVERSITY OF CALIFORNIA SAN DIEGO,A,2020-02-20,public,"run.zq,sra,fastq","s3,ncbi,gs","gs.us-east1,ncbi.public,s3.us-east-1",na,193,anthropogenic environmental material[ENVO:0010001],cheese product[ENVO:00002189],cheese rind biofilm,SRX13388128,USA,North America,USA,Illumina HiSeq 4000,44.587655 N 72.268324 W,O_3_2_CheeseA_HiC,PAIRED,other,METAGENOMIC,food fermentation metagenome,ILLUMINA,2022-11-01T00:00:00Z,2021-12-12T09:02:00Z,1,O_3_2_CheeseA,SRP346349,2
SRR17227786,WGS,502,29194835586,3,PRJNA778418,SAMN23169419,"MIMS.me,MIGS/MIMS/MIMARKS.microbial",10366776575,UNIVERSITY OF CALIFORNIA SAN DIEGO,B,2020-03-03,public,"run.zq,fastq,sra","ncbi,gs,s3","ncbi.public,gs.us-east1,s3.us-east-1",na,193,anthropogenic environmental material[ENVO:0010001],cheese product[ENVO:00002189],cheese rind biofilm,SRX13407086,USA,North America,USA,Illumina NovaSeq 6000,44.587655 N 72.268324 W,Wy_3_4_CheeseB_Novaseq,PAIRED,RANDOM,METAGENOMIC,food fermentation metagenome,ILLUMINA,2022-11-01T00:00:00Z,2021-12-14T18:30:00Z,1,Wy_3_4_CheeseB,SRP346349,4
SRR17227787,WGS,502,32936232550,3,PRJNA778418,SAMN23169418,"MIMS.me,MIGS/MIMS/MIMARKS.microbial",11475166250,UNIVERSITY OF CALIFORNIA SAN DIEGO,B,2020-02-25,public,"fastq,sra,run.zq","gs,s3,ncbi","s3.us-east-1,gs.us-east1,ncbi.public",na,193,anthropogenic environmental material[ENVO:0010001],cheese product[ENVO:00002189],cheese rind biofilm,SRX13407085,USA,North America,USA,Illumina NovaSeq 6000,44.587655 N 72.268324 W,Wy_3_3_CheeseB_Novaseq,PAIRED,RANDOM,METAGENOMIC,food fermentation metagenome,ILLUMINA,2022-11-01T00:00:00Z,2021-12-14T12:07:00Z,1,Wy_3_3_CheeseB,SRP346349,3
SRR17227788,WGS,502,29702862096,3,PRJNA778418,SAMN23169417,"MIMS.me,MIGS/MIMS/MIMARKS.microbial",10480113931,UNIVERSITY OF CALIFORNIA SAN DIEGO,B,2020-02-20,public,"sra,run.zq,fastq","ncbi,s3,gs","gs.us-east1,ncbi.public,s3.us-east-1",na,193,anthropogenic environmental material[ENVO:0010001],cheese product[ENVO:00002189],cheese rind biofilm,SRX13407084,USA,North America,USA,Illumina NovaSeq 6000,44.587655 N 72.268324 W,Wy_3_2_CheeseB_Novaseq,PAIRED,RANDOM,METAGENOMIC,food fermentation metagenome,ILLUMINA,2022-11-01T00:00:00Z,2021-12-14T19:18:00Z,1,Wy_3_2_CheeseB,SRP346349,2
SRR17227789,WGS,502,30725639406,3,PRJNA778418,SAMN23169416,"MIMS.me,MIGS/MIMS/MIMARKS.microbial",10654287391,UNIVERSITY OF CALIFORNIA SAN DIEGO,B,2020-02-11,public,"sra,fastq,run.zq","gs,ncbi,s3","s3.us-east-1,ncbi.public,gs.us-east1",na,193,anthropogenic environmental material[ENVO:0010001],cheese product[ENVO:00002189],cheese rind biofilm,SRX13407083,USA,North America,USA,Illumina NovaSeq 6000,44.587655 N 72.268324 W,Wy_3_1_CheeseB_Novaseq,PAIRED,RANDOM,METAGENOMIC,food fermentation metagenome,ILLUMINA,2022-11-01T00:00:00Z,2021-12-14T18:29:00Z,1,Wy_3_1_CheeseB,SRP346349,1
SRR17227790,WGS,502,21661131328,3,PRJNA778418,SAMN23169403,"MIMS.me,MIGS/MIMS/MIMARKS.microbial",7359256987,UNIVERSITY OF CALIFORNIA SAN DIEGO,A,2020-05-05,public,"fastq,sra,run.zq","ncbi,gs,s3","s3.us-east-1,ncbi.public,gs.us-east1",na,193,anthropogenic environmental material[ENVO:0010001],cheese product[ENVO:00002189],cheese rind biofilm,SRX13407082,USA,North America,USA,Illumina NovaSeq 6000,44.587655 N 72.268324 W,O_3_6_CheeseA_Novaseq,PAIRED,RANDOM,METAGENOMIC,food fermentation metagenome,ILLUMINA,2022-11-01T00:00:00Z,2021-12-14T19:09:00Z,1,O_3_6_CheeseA,SRP346349,13
SRR17227791,WGS,502,22330908262,3,PRJNA778418,SAMN23169402,"MIMS.me,MIGS/MIMS/MIMARKS.microbial",7814298831,UNIVERSITY OF CALIFORNIA SAN DIEGO,A,2020-04-07,public,"run.zq,sra,fastq","s3,gs,ncbi","gs.us-east1,s3.us-east-1,ncbi.public",na,193,anthropogenic environmental material[ENVO:0010001],cheese product[ENVO:00002189],cheese rind biofilm,SRX13407081,USA,North America,USA,Illumina NovaSeq 6000,44.587655 N 72.268324 W,O_3_5_CheeseA_Novaseq,PAIRED,RANDOM,METAGENOMIC,food fermentation metagenome,ILLUMINA,2022-11-01T00:00:00Z,2021-12-14T18:07:00Z,1,O_3_5_CheeseA,SRP346349,9
SRR17227792,WGS,502,29598851210,3,PRJNA778418,SAMN23169401,"MIMS.me,MIGS/MIMS/MIMARKS.microbial",10484967777,UNIVERSITY OF CALIFORNIA SAN DIEGO,A,2020-03-03,public,"sra,run.zq,fastq","ncbi,gs,s3","s3.us-east-1,ncbi.public,gs.us-east1",na,193,anthropogenic environmental material[ENVO:0010001],cheese product[ENVO:00002189],cheese rind biofilm,SRX13407080,USA,North America,USA,Illumina NovaSeq 6000,44.587655 N 72.268324 W,O_3_4_CheeseA_Novaseq,PAIRED,RANDOM,METAGENOMIC,food fermentation metagenome,ILLUMINA,2022-11-01T00:00:00Z,2021-12-14T18:28:00Z,1,O_3_4_CheeseA,SRP346349,4
SRR17227793,WGS,502,29977900868,3,PRJNA778418,SAMN23169400,"MIMS.me,MIGS/MIMS/MIMARKS.microbial",10359822626,UNIVERSITY OF CALIFORNIA SAN DIEGO,A,2020-02-25,public,"run.zq,sra,fastq","gs,s3,ncbi","s3.us-east-1,gs.us-east1,ncbi.public",na,193,anthropogenic environmental material[ENVO:0010001],cheese product[ENVO:00002189],cheese rind biofilm,SRX13407079,USA,North America,USA,Illumina NovaSeq 6000,44.587655 N 72.268324 W,O_3_3_CheeseA_Novaseq,PAIRED,RANDOM,METAGENOMIC,food fermentation metagenome,ILLUMINA,2022-11-01T00:00:00Z,2021-12-14T18:32:00Z,1,O_3_3_CheeseA,SRP346349,3
SRR17227794,WGS,502,10578408052,3,PRJNA778418,SAMN23169439,"MIMS.me,MIGS/MIMS/MIMARKS.microbial",3572712075,UNIVERSITY OF CALIFORNIA SAN DIEGO,C,2020-05-05,public,"sra,fastq,run.zq","gs,s3,ncbi","s3.us-east-1,ncbi.public,gs.us-east1",na,193,anthropogenic environmental material[ENVO:0010001],cheese product[ENVO:00002189],cheese rind biofilm,SRX13407078,USA,North America,USA,Illumina NovaSeq 6000,44.587655 N 72.268324 W,We_3_6_CheeseC_Novaseq,PAIRED,RANDOM,METAGENOMIC,food fermentation metagenome,ILLUMINA,2022-11-01T00:00:00Z,2021-12-14T15:08:00Z,1,We_3_6_CheeseC,SRP346349,13
SRR17227795,WGS,502,44851499734,3,PRJNA778418,SAMN23169438,"MIMS.me,MIGS/MIMS/MIMARKS.microbial",15171285439,UNIVERSITY OF CALIFORNIA SAN DIEGO,C,2020-04-07,public,"sra,run.zq,fastq","gs,ncbi,s3","s3.us-east-1,gs.us-east1,ncbi.public",na,193,anthropogenic environmental material[ENVO:0010001],cheese product[ENVO:00002189],cheese rind biofilm,SRX13407077,USA,North America,USA,Illumina NovaSeq 6000,44.587655 N 72.268324 W,We_3_5_CheeseC_Novaseq,PAIRED,RANDOM,METAGENOMIC,food fermentation metagenome,ILLUMINA,2022-11-01T00:00:00Z,2021-12-14T19:51:00Z,1,We_3_5_CheeseC,SRP346349,9
SRR17227796,WGS,502,9933131228,3,PRJNA778418,SAMN23169437,"MIMS.me,MIGS/MIMS/MIMARKS.microbial",3361378754,UNIVERSITY OF CALIFORNIA SAN DIEGO,C,2020-03-03,public,"run.zq,sra,fastq","gs,s3,ncbi","s3.us-east-1,ncbi.public,gs.us-east1",na,193,anthropogenic environmental material[ENVO:0010001],cheese product[ENVO:00002189],cheese rind biofilm,SRX13407076,USA,North America,USA,Illumina NovaSeq 6000,44.587655 N 72.268324 W,We_3_4_CheeseC_Novaseq,PAIRED,RANDOM,METAGENOMIC,food fermentation metagenome,ILLUMINA,2022-11-01T00:00:00Z,2021-12-14T15:01:00Z,1,We_3_4_CheeseC,SRP346349,4
SRR17227797,WGS,502,38313488380,3,PRJNA778418,SAMN23169436,"MIMS.me,MIGS/MIMS/MIMARKS.microbial",13502411798,UNIVERSITY OF CALIFORNIA SAN DIEGO,C,2020-02-25,public,"sra,run.zq,fastq","ncbi,gs,s3","s3.us-east-1,ncbi.public,gs.us-east1",na,193,anthropogenic environmental material[ENVO:0010001],cheese product[ENVO:00002189],cheese rind biofilm,SRX13407075,USA,North America,USA,Illumina NovaSeq 6000,44.587655 N 72.268324 W,We_3_3_CheeseC_Novaseq,PAIRED,RANDOM,METAGENOMIC,food fermentation metagenome,ILLUMINA,2022-11-01T00:00:00Z,2021-12-14T19:32:00Z,1,We_3_3_CheeseC,SRP346349,3
SRR17227798,WGS,502,22898644660,3,PRJNA778418,SAMN23169435,"MIMS.me,MIGS/MIMS/MIMARKS.microbial",8166356628,UNIVERSITY OF CALIFORNIA SAN DIEGO,C,2020-02-20,public,"sra,fastq,run.zq","gs,s3,ncbi","ncbi.public,gs.us-east1,s3.us-east-1",na,193,anthropogenic environmental material[ENVO:0010001],cheese product[ENVO:00002189],cheese rind biofilm,SRX13407074,USA,North America,USA,Illumina NovaSeq 6000,44.587655 N 72.268324 W,We_3_2_CheeseC_Novaseq,PAIRED,RANDOM,METAGENOMIC,food fermentation metagenome,ILLUMINA,2022-11-01T00:00:00Z,2021-12-14T18:25:00Z,1,We_3_2_CheeseC,SRP346349,2
SRR17227799,WGS,502,18905668890,3,PRJNA778418,SAMN23169434,"MIMS.me,MIGS/MIMS/MIMARKS.microbial",6632843199,UNIVERSITY OF CALIFORNIA SAN DIEGO,C,2020-02-11,public,"fastq,run.zq,sra","gs,ncbi,s3","ncbi.public,s3.us-east-1,gs.us-east1",na,193,anthropogenic environmental material[ENVO:0010001],cheese product[ENVO:00002189],cheese rind biofilm,SRX13407073,USA,North America,USA,Illumina NovaSeq 6000,44.587655 N 72.268324 W,We_3_1_CheeseC_Novaseq,PAIRED,RANDOM,METAGENOMIC,food fermentation metagenome,ILLUMINA,2022-11-01T00:00:00Z,2021-12-14T12:05:00Z,1,We_3_1_CheeseC,SRP346349,1
SRR17227800,WGS,502,29906205228,3,PRJNA778418,SAMN23169421,"MIMS.me,MIGS/MIMS/MIMARKS.microbial",10388415184,UNIVERSITY OF CALIFORNIA SAN DIEGO,B,2020-05-05,public,"run.zq,sra,fastq","s3,gs,ncbi","ncbi.public,s3.us-east-1,gs.us-east1",na,193,anthropogenic environmental material[ENVO:0010001],cheese product[ENVO:00002189],cheese rind biofilm,SRX13407072,USA,North America,USA,Illumina NovaSeq 6000,44.587655 N 72.268324 W,Wy_3_6_CheeseB_Novaseq,PAIRED,RANDOM,METAGENOMIC,food fermentation metagenome,ILLUMINA,2022-11-01T00:00:00Z,2021-12-14T20:40:00Z,1,Wy_3_6_CheeseB,SRP346349,13
SRR17227801,WGS,502,28649680152,3,PRJNA778418,SAMN23169420,"MIMS.me,MIGS/MIMS/MIMARKS.microbial",9890214624,UNIVERSITY OF CALIFORNIA SAN DIEGO,B,2020-04-07,public,"sra,fastq,run.zq","s3,ncbi,gs","ncbi.public,gs.us-east1,s3.us-east-1",na,193,anthropogenic environmental material[ENVO:0010001],cheese product[ENVO:00002189],cheese rind biofilm,SRX13407071,USA,North America,USA,Illumina NovaSeq 6000,44.587655 N 72.268324 W,Wy_3_5_CheeseB_Novaseq,PAIRED,RANDOM,METAGENOMIC,food fermentation metagenome,ILLUMINA,2022-11-01T00:00:00Z,2021-12-14T18:55:00Z,1,Wy_3_5_CheeseB,SRP346349,9
SRR17227802,WGS,502,14786752364,3,PRJNA778418,SAMN23169399,"MIMS.me,MIGS/MIMS/MIMARKS.microbial",5045806334,UNIVERSITY OF CALIFORNIA SAN DIEGO,A,2020-02-20,public,"fastq,run.zq,sra","gs,s3,ncbi","gs.us-east1,s3.us-east-1,ncbi.public",na,193,anthropogenic environmental material[ENVO:0010001],cheese product[ENVO:00002189],cheese rind biofilm,SRX13407070,USA,North America,USA,Illumina NovaSeq 6000,44.587655 N 72.268324 W,O_3_2_CheeseA_Novaseq,PAIRED,RANDOM,METAGENOMIC,food fermentation metagenome,ILLUMINA,2022-11-01T00:00:00Z,2021-12-14T15:17:00Z,1,O_3_2_CheeseA,SRP346349,2
SRR17227803,WGS,502,37044539808,3,PRJNA778418,SAMN23169398,"MIMS.me,MIGS/MIMS/MIMARKS.microbial",12957636610,UNIVERSITY OF CALIFORNIA SAN DIEGO,A,2020-02-11,public,"fastq,run.zq,sra","gs,ncbi,s3","s3.us-east-1,gs.us-east1,ncbi.public",na,193,anthropogenic environmental material[ENVO:0010001],cheese product[ENVO:00002189],cheese rind biofilm,SRX13407069,USA,North America,USA,Illumina NovaSeq 6000,44.587655 N 72.268324 W,O_3_1_CheeseA_Novaseq,PAIRED,RANDOM,METAGENOMIC,food fermentation metagenome,ILLUMINA,2022-11-01T00:00:00Z,2021-12-14T19:56:00Z,1,O_3_1_CheeseA,SRP346349,1
SRR18495437,WGS,14693,5906307784,3,PRJNA778418,SAMN23169421,"MIMS.me,MIGS/MIMS/MIMARKS.microbial",4049516729,UNIVERSITY OF CALIFORNIA SAN DIEGO,B,2020-05-05,public,"sra,fastq","s3,gs,ncbi","ncbi.public,s3.us-east-1,gs.us-east1",na,193,anthropogenic environmental material[ENVO:0010001],cheese product[ENVO:00002189],cheese rind biofilm,SRX14626941,USA,North America,USA,Sequel II,44.587655 N 72.268324 W,Wy_3_6_CheeseB_SMRT,SINGLE,RANDOM,METAGENOMIC,food fermentation metagenome,PACBIO_SMRT,2022-11-01T00:00:00Z,2022-03-27T11:11:00Z,1,Wy_3_6_CheeseB,SRP346349,13
SRR18495438,WGS,14069,6072078970,3,PRJNA778418,SAMN23169420,"MIMS.me,MIGS/MIMS/MIMARKS.microbial",4052010777,UNIVERSITY OF CALIFORNIA SAN DIEGO,B,2020-04-07,public,"fastq,sra","ncbi,s3,gs","gs.us-east1,s3.us-east-1,ncbi.public",na,193,anthropogenic environmental material[ENVO:0010001],cheese product[ENVO:00002189],cheese rind biofilm,SRX14626940,USA,North America,USA,Sequel II,44.587655 N 72.268324 W,Wy_3_5_CheeseB_SMRT,SINGLE,RANDOM,METAGENOMIC,food fermentation metagenome,PACBIO_SMRT,2022-11-01T00:00:00Z,2022-03-27T11:08:00Z,1,Wy_3_5_CheeseB,SRP346349,9
SRR18495439,WGS,12935,4554150205,3,PRJNA778418,SAMN23169419,"MIMS.me,MIGS/MIMS/MIMARKS.microbial",2861312416,UNIVERSITY OF CALIFORNIA SAN DIEGO,B,2020-03-03,public,"sra,fastq","s3,gs,ncbi","ncbi.public,s3.us-east-1,gs.us-east1",na,193,anthropogenic environmental material[ENVO:0010001],cheese product[ENVO:00002189],cheese rind biofilm,SRX14626939,USA,North America,USA,Sequel II,44.587655 N 72.268324 W,Wy_3_4_CheeseB_SMRT,SINGLE,RANDOM,METAGENOMIC,food fermentation metagenome,PACBIO_SMRT,2022-11-01T00:00:00Z,2022-03-27T11:02:00Z,1,Wy_3_4_CheeseB,SRP346349,4
SRR18495440,WGS,12408,3924813373,3,PRJNA778418,SAMN23169418,"MIMS.me,MIGS/MIMS/MIMARKS.microbial",2390628216,UNIVERSITY OF CALIFORNIA SAN DIEGO,B,2020-02-25,public,"fastq,sra","ncbi,gs,s3","ncbi.public,s3.us-east-1,gs.us-east1",na,193,anthropogenic environmental material[ENVO:0010001],cheese product[ENVO:00002189],cheese rind biofilm,SRX14626938,USA,North America,USA,Sequel II,44.587655 N 72.268324 W,Wy_3_3_CheeseB_SMRT,SINGLE,RANDOM,METAGENOMIC,food fermentation metagenome,PACBIO_SMRT,2022-11-01T00:00:00Z,2022-03-27T11:08:00Z,1,Wy_3_3_CheeseB,SRP346349,3
SRR18495441,WGS,12989,18253416913,3,PRJNA778418,SAMN23169417,"MIMS.me,MIGS/MIMS/MIMARKS.microbial",11784699531,UNIVERSITY OF CALIFORNIA SAN DIEGO,B,2020-02-20,public,"fastq,sra","ncbi,gs,s3","s3.us-east-1,ncbi.public,gs.us-east1",na,193,anthropogenic environmental material[ENVO:0010001],cheese product[ENVO:00002189],cheese rind biofilm,SRX14626937,USA,North America,USA,Sequel II,44.587655 N 72.268324 W,Wy_3_2_CheeseB_SMRT,SINGLE,RANDOM,METAGENOMIC,food fermentation metagenome,PACBIO_SMRT,2022-11-01T00:00:00Z,2022-03-27T10:47:00Z,1,Wy_3_2_CheeseB,SRP346349,2
SRR18495442,WGS,14383,7043993004,3,PRJNA778418,SAMN23169403,"MIMS.me,MIGS/MIMS/MIMARKS.microbial",4780669734,UNIVERSITY OF CALIFORNIA SAN DIEGO,A,2020-05-05,public,"sra,fastq","s3,gs,ncbi","gs.us-east1,s3.us-east-1,ncbi.public",na,193,anthropogenic environmental material[ENVO:0010001],cheese product[ENVO:00002189],cheese rind biofilm,SRX14626936,USA,North America,USA,Sequel II,44.587655 N 72.268324 W,O_3_6_CheeseA_SMRT,SINGLE,RANDOM,METAGENOMIC,food fermentation metagenome,PACBIO_SMRT,2022-11-01T00:00:00Z,2022-03-27T11:17:00Z,1,O_3_6_CheeseA,SRP346349,13
SRR18495443,WGS,13047,3970224268,3,PRJNA778418,SAMN23169402,"MIMS.me,MIGS/MIMS/MIMARKS.microbial",2411001014,UNIVERSITY OF CALIFORNIA SAN DIEGO,A,2020-04-07,public,"fastq,sra","s3,gs,ncbi","gs.us-east1,s3.us-east-1,ncbi.public",na,193,anthropogenic environmental material[ENVO:0010001],cheese product[ENVO:00002189],cheese rind biofilm,SRX14626935,USA,North America,USA,Sequel II,44.587655 N 72.268324 W,O_3_5_CheeseA_SMRT,SINGLE,RANDOM,METAGENOMIC,food fermentation metagenome,PACBIO_SMRT,2022-11-01T00:00:00Z,2022-03-27T11:43:00Z,1,O_3_5_CheeseA,SRP346349,9
SRR18495444,WGS,13320,10288619317,3,PRJNA778418,SAMN23169401,"MIMS.me,MIGS/MIMS/MIMARKS.microbial",6516241498,UNIVERSITY OF CALIFORNIA SAN DIEGO,A,2020-03-03,public,"sra,fastq","ncbi,gs,s3","gs.us-east1,ncbi.public,s3.us-east-1",na,193,anthropogenic environmental material[ENVO:0010001],cheese product[ENVO:00002189],cheese rind biofilm,SRX14626934,USA,North America,USA,Sequel II,44.587655 N 72.268324 W,O_3_4_CheeseA_SMRT,SINGLE,RANDOM,METAGENOMIC,food fermentation metagenome,PACBIO_SMRT,2022-11-01T00:00:00Z,2022-03-27T10:32:00Z,1,O_3_4_CheeseA,SRP346349,4
SRR18495445,WGS,13485,8276097935,3,PRJNA778418,SAMN23169439,"MIMS.me,MIGS/MIMS/MIMARKS.microbial",6154476058,UNIVERSITY OF CALIFORNIA SAN DIEGO,C,2020-05-05,public,"fastq,sra","s3,gs,ncbi","s3.us-east-1,ncbi.public,gs.us-east1",na,193,anthropogenic environmental material[ENVO:0010001],cheese product[ENVO:00002189],cheese rind biofilm,SRX14626933,USA,North America,USA,Sequel II,44.587655 N 72.268324 W,We_3_6_CheeseC_SMRT,SINGLE,RANDOM,METAGENOMIC,food fermentation metagenome,PACBIO_SMRT,2022-11-01T00:00:00Z,2022-03-27T11:11:00Z,1,We_3_6_CheeseC,SRP346349,13
SRR18495446,WGS,12139,6275599625,3,PRJNA778418,SAMN23169438,"MIMS.me,MIGS/MIMS/MIMARKS.microbial",4391178068,UNIVERSITY OF CALIFORNIA SAN DIEGO,C,2020-04-07,public,"fastq,sra","s3,ncbi,gs","s3.us-east-1,gs.us-east1,ncbi.public",na,193,anthropogenic environmental material[ENVO:0010001],cheese product[ENVO:00002189],cheese rind biofilm,SRX14626932,USA,North America,USA,Sequel II,44.587655 N 72.268324 W,We_3_5_CheeseC_SMRT,SINGLE,RANDOM,METAGENOMIC,food fermentation metagenome,PACBIO_SMRT,2022-11-01T00:00:00Z,2022-03-27T10:28:00Z,1,We_3_5_CheeseC,SRP346349,9
SRR18495447,WGS,12930,1055758838,3,PRJNA778418,SAMN23169437,"MIMS.me,MIGS/MIMS/MIMARKS.microbial",757729237,UNIVERSITY OF CALIFORNIA SAN DIEGO,C,2020-03-03,public,"fastq,sra","s3,ncbi,gs","ncbi.public,gs.us-east1,s3.us-east-1",na,193,anthropogenic environmental material[ENVO:0010001],cheese product[ENVO:00002189],cheese rind biofilm,SRX14626931,USA,North America,USA,Sequel II,44.587655 N 72.268324 W,We_3_4_CheeseC_SMRT,SINGLE,RANDOM,METAGENOMIC,food fermentation metagenome,PACBIO_SMRT,2022-11-01T00:00:00Z,2022-03-27T10:58:00Z,1,We_3_4_CheeseC,SRP346349,4
SRR18495448,WGS,12551,698745836,3,PRJNA778418,SAMN23169436,"MIMS.me,MIGS/MIMS/MIMARKS.microbial",489776416,UNIVERSITY OF CALIFORNIA SAN DIEGO,C,2020-02-25,public,"sra,fastq","s3,ncbi,gs","gs.us-east1,s3.us-east-1,ncbi.public",na,193,anthropogenic environmental material[ENVO:0010001],cheese product[ENVO:00002189],cheese rind biofilm,SRX14626930,USA,North America,USA,Sequel II,44.587655 N 72.268324 W,We_3_3_CheeseC_SMRT,SINGLE,RANDOM,METAGENOMIC,food fermentation metagenome,PACBIO_SMRT,2022-11-01T00:00:00Z,2022-03-27T10:48:00Z,1,We_3_3_CheeseC,SRP346349,3
SRR18495449,WGS,12951,6759053850,3,PRJNA778418,SAMN23169435,"MIMS.me,MIGS/MIMS/MIMARKS.microbial",4452195089,UNIVERSITY OF CALIFORNIA SAN DIEGO,C,2020-02-20,public,"fastq,sra","s3,gs,ncbi","ncbi.public,gs.us-east1,s3.us-east-1",na,193,anthropogenic environmental material[ENVO:0010001],cheese product[ENVO:00002189],cheese rind biofilm,SRX14626929,USA,North America,USA,Sequel II,44.587655 N 72.268324 W,We_3_2_CheeseC_SMRT,SINGLE,RANDOM,METAGENOMIC,food fermentation metagenome,PACBIO_SMRT,2022-11-01T00:00:00Z,2022-03-27T11:07:00Z,1,We_3_2_CheeseC,SRP346349,2
SRR18495450,WGS,13645,5220756833,3,PRJNA778418,SAMN23169400,"MIMS.me,MIGS/MIMS/MIMARKS.microbial",3391219675,UNIVERSITY OF CALIFORNIA SAN DIEGO,A,2020-02-25,public,"sra,fastq","ncbi,s3,gs","s3.us-east-1,gs.us-east1,ncbi.public",na,193,anthropogenic environmental material[ENVO:0010001],cheese product[ENVO:00002189],cheese rind biofilm,SRX14626928,USA,North America,USA,Sequel II,44.587655 N 72.268324 W,O_3_3_CheeseA_SMRT,SINGLE,RANDOM,METAGENOMIC,food fermentation metagenome,PACBIO_SMRT,2022-11-01T00:00:00Z,2022-03-27T10:59:00Z,1,O_3_3_CheeseA,SRP346349,3
SRR18495451,WGS,13552,11327376573,3,PRJNA778418,SAMN23169399,"MIMS.me,MIGS/MIMS/MIMARKS.microbial",7383645931,UNIVERSITY OF CALIFORNIA SAN DIEGO,A,2020-02-20,public,"fastq,sra","ncbi,gs,s3","s3.us-east-1,ncbi.public,gs.us-east1",na,193,anthropogenic environmental material[ENVO:0010001],cheese product[ENVO:00002189],cheese rind biofilm,SRX14626927,USA,North America,USA,Sequel II,44.587655 N 72.268324 W,O_3_2_CheeseA_SMRT,SINGLE,RANDOM,METAGENOMIC,food fermentation metagenome,PACBIO_SMRT,2022-11-01T00:00:00Z,2022-03-27T10:44:00Z,1,O_3_2_CheeseA,SRP346349,2
