sample_id	sample_accession	run_accession	subtype	collection site geographic feature	collection date	macrocategory	category	type	country	dataset_name	project_accession	study_accession	database_origin	Reference
SEM_47_S64	SAMN40633132	SRS20892371	Viili 3d	California, United States of America	2022	fermented food	dairy	dairy	USA: California	Caffrey2024	PRJNA1092721		NCBI	MiFoDB, a workflow for microbial food metagenomic characterization, enables high-resolution analysis of fermented food microbial dynamics Elisa B. Caffrey, Matthew R. Olm, Caroline Isabel Kothe, Joshua Evans, Justin L. Sonnenburg bioRxiv 2024.03.29.587370; doi: https://doi.org/10.1101/2024.03.29.587370
SEM_46_S63	SAMN40633131	SRS20892369	Viili 0h	California, United States of America	2022	fermented food	dairy	dairy	USA: California	Caffrey2024	PRJNA1092721		NCBI	MiFoDB, a workflow for microbial food metagenomic characterization, enables high-resolution analysis of fermented food microbial dynamics Elisa B. Caffrey, Matthew R. Olm, Caroline Isabel Kothe, Joshua Evans, Justin L. Sonnenburg bioRxiv 2024.03.29.587370; doi: https://doi.org/10.1101/2024.03.29.587370
SEM_45_S62	SAMN40633130	SRS20892368	Tempeh 3d	California, United States of America	2022	fermented food	soy	soy	USA: California	Caffrey2024	PRJNA1092721		NCBI	MiFoDB, a workflow for microbial food metagenomic characterization, enables high-resolution analysis of fermented food microbial dynamics Elisa B. Caffrey, Matthew R. Olm, Caroline Isabel Kothe, Joshua Evans, Justin L. Sonnenburg bioRxiv 2024.03.29.587370; doi: https://doi.org/10.1101/2024.03.29.587370
SEM_44_S61	SAMN40633129	SRS20892367	Tempeh 0h	California, United States of America	2022	fermented food	soy	soy	USA: California	Caffrey2024	PRJNA1092721		NCBI	MiFoDB, a workflow for microbial food metagenomic characterization, enables high-resolution analysis of fermented food microbial dynamics Elisa B. Caffrey, Matthew R. Olm, Caroline Isabel Kothe, Joshua Evans, Justin L. Sonnenburg bioRxiv 2024.03.29.587370; doi: https://doi.org/10.1101/2024.03.29.587370
SEM_43_S60	SAMN40633128	SRS20892366	Kimchi solid 60d	California, United States of America	2022	fermented food	vegetable	vegetable	USA: California	Caffrey2024	PRJNA1092721		NCBI	MiFoDB, a workflow for microbial food metagenomic characterization, enables high-resolution analysis of fermented food microbial dynamics Elisa B. Caffrey, Matthew R. Olm, Caroline Isabel Kothe, Joshua Evans, Justin L. Sonnenburg bioRxiv 2024.03.29.587370; doi: https://doi.org/10.1101/2024.03.29.587370
SEM_42_S59	SAMN40633127	SRS20892364	Kimchi solid 0h	California, United States of America	2022	fermented food	vegetable	vegetable	USA: California	Caffrey2024	PRJNA1092721		NCBI	MiFoDB, a workflow for microbial food metagenomic characterization, enables high-resolution analysis of fermented food microbial dynamics Elisa B. Caffrey, Matthew R. Olm, Caroline Isabel Kothe, Joshua Evans, Justin L. Sonnenburg bioRxiv 2024.03.29.587370; doi: https://doi.org/10.1101/2024.03.29.587370
SEM_41_S58	SAMN40633126	SRS20892365	Kimchi brine 60d	California, United States of America	2022	fermented food	vegetable	vegetable	USA: California	Caffrey2024	PRJNA1092721		NCBI	MiFoDB, a workflow for microbial food metagenomic characterization, enables high-resolution analysis of fermented food microbial dynamics Elisa B. Caffrey, Matthew R. Olm, Caroline Isabel Kothe, Joshua Evans, Justin L. Sonnenburg bioRxiv 2024.03.29.587370; doi: https://doi.org/10.1101/2024.03.29.587370
SEM_40_S57	SAMN40633125	SRS20892363	Kimchi brine 0h	California, United States of America	2022	fermented food	vegetable	vegetable	USA: California	Caffrey2024	PRJNA1092721		NCBI	MiFoDB, a workflow for microbial food metagenomic characterization, enables high-resolution analysis of fermented food microbial dynamics Elisa B. Caffrey, Matthew R. Olm, Caroline Isabel Kothe, Joshua Evans, Justin L. Sonnenburg bioRxiv 2024.03.29.587370; doi: https://doi.org/10.1101/2024.03.29.587370
EBC_148	SAMN40633124	SRS20892361	Curtido 7d	California, United States of America	2022	fermented food	vegetable	vegetable	USA: California	Caffrey2024	PRJNA1092721		NCBI	MiFoDB, a workflow for microbial food metagenomic characterization, enables high-resolution analysis of fermented food microbial dynamics Elisa B. Caffrey, Matthew R. Olm, Caroline Isabel Kothe, Joshua Evans, Justin L. Sonnenburg bioRxiv 2024.03.29.587370; doi: https://doi.org/10.1101/2024.03.29.587370
EBC_147	SAMN40633123	SRS20892362	Curtido 96h	California, United States of America	2022	fermented food	vegetable	vegetable	USA: California	Caffrey2024	PRJNA1092721		NCBI	MiFoDB, a workflow for microbial food metagenomic characterization, enables high-resolution analysis of fermented food microbial dynamics Elisa B. Caffrey, Matthew R. Olm, Caroline Isabel Kothe, Joshua Evans, Justin L. Sonnenburg bioRxiv 2024.03.29.587370; doi: https://doi.org/10.1101/2024.03.29.587370
EBC_146	SAMN40633122	SRS20892360	Curtido 0h	California, United States of America	2022	fermented food	vegetable	vegetable	USA: California	Caffrey2024	PRJNA1092721		NCBI	MiFoDB, a workflow for microbial food metagenomic characterization, enables high-resolution analysis of fermented food microbial dynamics Elisa B. Caffrey, Matthew R. Olm, Caroline Isabel Kothe, Joshua Evans, Justin L. Sonnenburg bioRxiv 2024.03.29.587370; doi: https://doi.org/10.1101/2024.03.29.587370
EBC_145	SAMN40633121	SRS20892358	Red Sauerkraut 21d	California, United States of America	2022	fermented food	vegetable	vegetable	USA: California	Caffrey2024	PRJNA1092721		NCBI	MiFoDB, a workflow for microbial food metagenomic characterization, enables high-resolution analysis of fermented food microbial dynamics Elisa B. Caffrey, Matthew R. Olm, Caroline Isabel Kothe, Joshua Evans, Justin L. Sonnenburg bioRxiv 2024.03.29.587370; doi: https://doi.org/10.1101/2024.03.29.587370
EBC_144	SAMN40633120	SRS20892356	Red Sauerkraut 96h	California, United States of America	2022	fermented food	vegetable	vegetable	USA: California	Caffrey2024	PRJNA1092721		NCBI	MiFoDB, a workflow for microbial food metagenomic characterization, enables high-resolution analysis of fermented food microbial dynamics Elisa B. Caffrey, Matthew R. Olm, Caroline Isabel Kothe, Joshua Evans, Justin L. Sonnenburg bioRxiv 2024.03.29.587370; doi: https://doi.org/10.1101/2024.03.29.587370
EBC_143	SAMN40633119	SRS20892354	Red Sauerkraut 0h	California, United States of America	2022	fermented food	vegetable	vegetable	USA: California	Caffrey2024	PRJNA1092721		NCBI	MiFoDB, a workflow for microbial food metagenomic characterization, enables high-resolution analysis of fermented food microbial dynamics Elisa B. Caffrey, Matthew R. Olm, Caroline Isabel Kothe, Joshua Evans, Justin L. Sonnenburg bioRxiv 2024.03.29.587370; doi: https://doi.org/10.1101/2024.03.29.587370
EBC_142	SAMN40633118	SRS20892357	Wild Sauekraut 21d	California, United States of America	2022	fermented food	vegetable	vegetable	USA: California	Caffrey2024	PRJNA1092721		NCBI	MiFoDB, a workflow for microbial food metagenomic characterization, enables high-resolution analysis of fermented food microbial dynamics Elisa B. Caffrey, Matthew R. Olm, Caroline Isabel Kothe, Joshua Evans, Justin L. Sonnenburg bioRxiv 2024.03.29.587370; doi: https://doi.org/10.1101/2024.03.29.587370
EBC_141	SAMN40633117	SRS20892355	Seeded Sauerkraut 21d	California, United States of America	2022	fermented food	vegetable	vegetable	USA: California	Caffrey2024	PRJNA1092721		NCBI	MiFoDB, a workflow for microbial food metagenomic characterization, enables high-resolution analysis of fermented food microbial dynamics Elisa B. Caffrey, Matthew R. Olm, Caroline Isabel Kothe, Joshua Evans, Justin L. Sonnenburg bioRxiv 2024.03.29.587370; doi: https://doi.org/10.1101/2024.03.29.587370
EBC_140	SAMN40633116	SRS20892353	Wild Sauerkraut 96h	California, United States of America	2022	fermented food	vegetable	vegetable	USA: California	Caffrey2024	PRJNA1092721		NCBI	MiFoDB, a workflow for microbial food metagenomic characterization, enables high-resolution analysis of fermented food microbial dynamics Elisa B. Caffrey, Matthew R. Olm, Caroline Isabel Kothe, Joshua Evans, Justin L. Sonnenburg bioRxiv 2024.03.29.587370; doi: https://doi.org/10.1101/2024.03.29.587370
EBC_139	SAMN40633115	SRS20892352	Seeded Sauerkraut 96h	California, United States of America	2022	fermented food	vegetable	vegetable	USA: California	Caffrey2024	PRJNA1092721		NCBI	MiFoDB, a workflow for microbial food metagenomic characterization, enables high-resolution analysis of fermented food microbial dynamics Elisa B. Caffrey, Matthew R. Olm, Caroline Isabel Kothe, Joshua Evans, Justin L. Sonnenburg bioRxiv 2024.03.29.587370; doi: https://doi.org/10.1101/2024.03.29.587370
EBC_138	SAMN40633114	SRS20892350	Wild Sauerkraut 0d	California, United States of America	2022	fermented food	vegetable	vegetable	USA: California	Caffrey2024	PRJNA1092721		NCBI	MiFoDB, a workflow for microbial food metagenomic characterization, enables high-resolution analysis of fermented food microbial dynamics Elisa B. Caffrey, Matthew R. Olm, Caroline Isabel Kothe, Joshua Evans, Justin L. Sonnenburg bioRxiv 2024.03.29.587370; doi: https://doi.org/10.1101/2024.03.29.587370
EBC_137	SAMN40633113	SRS20892351	Sauerkraut Starter 0h	California, United States of America	2022	fermented food	vegetable	vegetable	USA: California	Caffrey2024	PRJNA1092721		NCBI	MiFoDB, a workflow for microbial food metagenomic characterization, enables high-resolution analysis of fermented food microbial dynamics Elisa B. Caffrey, Matthew R. Olm, Caroline Isabel Kothe, Joshua Evans, Justin L. Sonnenburg bioRxiv 2024.03.29.587370; doi: https://doi.org/10.1101/2024.03.29.587370
EBC_136	SAMN40633112	SRS20892348	Queens SF Fennel Kimchi 7/24/2022	California, United States of America	2022	fermented food	vegetable	vegetable	USA: California	Caffrey2024	PRJNA1092721		NCBI	MiFoDB, a workflow for microbial food metagenomic characterization, enables high-resolution analysis of fermented food microbial dynamics Elisa B. Caffrey, Matthew R. Olm, Caroline Isabel Kothe, Joshua Evans, Justin L. Sonnenburg bioRxiv 2024.03.29.587370; doi: https://doi.org/10.1101/2024.03.29.587370
EBC_135	SAMN40633111	SRS20892346	Queens SF Lacto Ferm 4% Yellow Peach 8/26/21	California, United States of America	2022	fermented food	vegetable	vegetable	USA: California	Caffrey2024	PRJNA1092721		NCBI	MiFoDB, a workflow for microbial food metagenomic characterization, enables high-resolution analysis of fermented food microbial dynamics Elisa B. Caffrey, Matthew R. Olm, Caroline Isabel Kothe, Joshua Evans, Justin L. Sonnenburg bioRxiv 2024.03.29.587370; doi: https://doi.org/10.1101/2024.03.29.587370
EBC_134	SAMN40633110	SRS20892347	Queens SF Lacto Ferm Serrano 9/18/2022	California, United States of America	2022	fermented food	vegetable	vegetable	USA: California	Caffrey2024	PRJNA1092721		NCBI	MiFoDB, a workflow for microbial food metagenomic characterization, enables high-resolution analysis of fermented food microbial dynamics Elisa B. Caffrey, Matthew R. Olm, Caroline Isabel Kothe, Joshua Evans, Justin L. Sonnenburg bioRxiv 2024.03.29.587370; doi: https://doi.org/10.1101/2024.03.29.587370
EBC_133	SAMN40633109	SRS20892345	Queens SF Mukeunji 6/18/22	California, United States of America	2022	fermented food	vegetable	vegetable	USA: California	Caffrey2024	PRJNA1092721		NCBI	MiFoDB, a workflow for microbial food metagenomic characterization, enables high-resolution analysis of fermented food microbial dynamics Elisa B. Caffrey, Matthew R. Olm, Caroline Isabel Kothe, Joshua Evans, Justin L. Sonnenburg bioRxiv 2024.03.29.587370; doi: https://doi.org/10.1101/2024.03.29.587370
EBC_114	SAMN40633108	SRS20892344	Agria natty (initial)	Washington, United States of America	2022	fermented food	fruit	fruit	USA: Washington	Caffrey2024	PRJNA1092721		NCBI	MiFoDB, a workflow for microbial food metagenomic characterization, enables high-resolution analysis of fermented food microbial dynamics Elisa B. Caffrey, Matthew R. Olm, Caroline Isabel Kothe, Joshua Evans, Justin L. Sonnenburg bioRxiv 2024.03.29.587370; doi: https://doi.org/10.1101/2024.03.29.587370
EBC_113	SAMN40633107	SRS20892343	Mad ange pdc	Washington, United States of America	2022	fermented food	fruit	fruit	USA: Washington	Caffrey2024	PRJNA1092721		NCBI	MiFoDB, a workflow for microbial food metagenomic characterization, enables high-resolution analysis of fermented food microbial dynamics Elisa B. Caffrey, Matthew R. Olm, Caroline Isabel Kothe, Joshua Evans, Justin L. Sonnenburg bioRxiv 2024.03.29.587370; doi: https://doi.org/10.1101/2024.03.29.587370
EBC_112	SAMN40633106	SRS20892339	Agria pdc	Washington, United States of America	2022	fermented food	fruit	fruit	USA: Washington	Caffrey2024	PRJNA1092721		NCBI	MiFoDB, a workflow for microbial food metagenomic characterization, enables high-resolution analysis of fermented food microbial dynamics Elisa B. Caffrey, Matthew R. Olm, Caroline Isabel Kothe, Joshua Evans, Justin L. Sonnenburg bioRxiv 2024.03.29.587370; doi: https://doi.org/10.1101/2024.03.29.587370
EBC_111	SAMN40633105	SRS20892342	Pink small cheese (very smelly!) from Cody Reiss	California, United States of America	2022	fermented food	dairy	dairy	USA: California	Caffrey2024	PRJNA1092721		NCBI	MiFoDB, a workflow for microbial food metagenomic characterization, enables high-resolution analysis of fermented food microbial dynamics Elisa B. Caffrey, Matthew R. Olm, Caroline Isabel Kothe, Joshua Evans, Justin L. Sonnenburg bioRxiv 2024.03.29.587370; doi: https://doi.org/10.1101/2024.03.29.587370
EBC_110	SAMN40633104	SRS20892341	Larger cheese wheel, mouldy (very smelly!) from Cody Reiss	California, United States of America	2022	fermented food	dairy	dairy	USA: California	Caffrey2024	PRJNA1092721		NCBI	MiFoDB, a workflow for microbial food metagenomic characterization, enables high-resolution analysis of fermented food microbial dynamics Elisa B. Caffrey, Matthew R. Olm, Caroline Isabel Kothe, Joshua Evans, Justin L. Sonnenburg bioRxiv 2024.03.29.587370; doi: https://doi.org/10.1101/2024.03.29.587370
EBC_109	SAMN40633103	SRS20892340	Volcano Kimchi Smokeshow Jar	California, United States of America	2022	fermented food	vegetable	vegetable	USA: California	Caffrey2024	PRJNA1092721		NCBI	MiFoDB, a workflow for microbial food metagenomic characterization, enables high-resolution analysis of fermented food microbial dynamics Elisa B. Caffrey, Matthew R. Olm, Caroline Isabel Kothe, Joshua Evans, Justin L. Sonnenburg bioRxiv 2024.03.29.587370; doi: https://doi.org/10.1101/2024.03.29.587370
EBC_108	SAMN40633102	SRS20892337	Crauti Abete	Trentino, Italy	2022	fermented food	vegetable	vegetable	Italy: Trentino	Caffrey2024	PRJNA1092721		NCBI	MiFoDB, a workflow for microbial food metagenomic characterization, enables high-resolution analysis of fermented food microbial dynamics Elisa B. Caffrey, Matthew R. Olm, Caroline Isabel Kothe, Joshua Evans, Justin L. Sonnenburg bioRxiv 2024.03.29.587370; doi: https://doi.org/10.1101/2024.03.29.587370
EBC_107	SAMN40633101	SRS20892336	Volcano Kimchi 10/4/2022 Green cabbage	California, United States of America	2022	fermented food	vegetable	vegetable	USA: California	Caffrey2024	PRJNA1092721		NCBI	MiFoDB, a workflow for microbial food metagenomic characterization, enables high-resolution analysis of fermented food microbial dynamics Elisa B. Caffrey, Matthew R. Olm, Caroline Isabel Kothe, Joshua Evans, Justin L. Sonnenburg bioRxiv 2024.03.29.587370; doi: https://doi.org/10.1101/2024.03.29.587370
EBC_106	SAMN40633100	SRS20892335	Volcano Kimchi 10/4/2022 Napa	California, United States of America	2022	fermented food	vegetable	vegetable	USA: California	Caffrey2024	PRJNA1092721		NCBI	MiFoDB, a workflow for microbial food metagenomic characterization, enables high-resolution analysis of fermented food microbial dynamics Elisa B. Caffrey, Matthew R. Olm, Caroline Isabel Kothe, Joshua Evans, Justin L. Sonnenburg bioRxiv 2024.03.29.587370; doi: https://doi.org/10.1101/2024.03.29.587370
EBC_105	SAMN40633099	SRS20892334	Volcano Kimchi Smokeshow fermented for 8/31-9/02, 2022	California, United States of America	2022	fermented food	vegetable	vegetable	USA: California	Caffrey2024	PRJNA1092721		NCBI	MiFoDB, a workflow for microbial food metagenomic characterization, enables high-resolution analysis of fermented food microbial dynamics Elisa B. Caffrey, Matthew R. Olm, Caroline Isabel Kothe, Joshua Evans, Justin L. Sonnenburg bioRxiv 2024.03.29.587370; doi: https://doi.org/10.1101/2024.03.29.587370
EBC_104	SAMN40633098	SRS20892333	Volcano Kimchi Turmeric + moringa, Sept 2021	California, United States of America	2022	fermented food	vegetable	vegetable	USA: California	Caffrey2024	PRJNA1092721		NCBI	MiFoDB, a workflow for microbial food metagenomic characterization, enables high-resolution analysis of fermented food microbial dynamics Elisa B. Caffrey, Matthew R. Olm, Caroline Isabel Kothe, Joshua Evans, Justin L. Sonnenburg bioRxiv 2024.03.29.587370; doi: https://doi.org/10.1101/2024.03.29.587370
EBC_103	SAMN40633097	SRS20892330	Volcano Kimchi Red mustard kimchi, July 21, 2022	California, United States of America	2022	fermented food	vegetable	vegetable	USA: California	Caffrey2024	PRJNA1092721		NCBI	MiFoDB, a workflow for microbial food metagenomic characterization, enables high-resolution analysis of fermented food microbial dynamics Elisa B. Caffrey, Matthew R. Olm, Caroline Isabel Kothe, Joshua Evans, Justin L. Sonnenburg bioRxiv 2024.03.29.587370; doi: https://doi.org/10.1101/2024.03.29.587370
EBC_102	SAMN40633096	SRS20892332	Volcano Kimchi Bok choi fermented 8/31-9/02, 2022	California, United States of America	2022	fermented food	vegetable	vegetable	USA: California	Caffrey2024	PRJNA1092721		NCBI	MiFoDB, a workflow for microbial food metagenomic characterization, enables high-resolution analysis of fermented food microbial dynamics Elisa B. Caffrey, Matthew R. Olm, Caroline Isabel Kothe, Joshua Evans, Justin L. Sonnenburg bioRxiv 2024.03.29.587370; doi: https://doi.org/10.1101/2024.03.29.587370
EBC_101	SAMN40633095	SRS20892329	Volcano Kimchi 10/4/2022 Jicama Kimchi	California, United States of America	2022	fermented food	vegetable	vegetable	USA: California	Caffrey2024	PRJNA1092721		NCBI	MiFoDB, a workflow for microbial food metagenomic characterization, enables high-resolution analysis of fermented food microbial dynamics Elisa B. Caffrey, Matthew R. Olm, Caroline Isabel Kothe, Joshua Evans, Justin L. Sonnenburg bioRxiv 2024.03.29.587370; doi: https://doi.org/10.1101/2024.03.29.587370
EBC_100	SAMN40633094	SRS20892331	Volcano Kimchi Gochujang, no sugar, 1.5 year	California, United States of America	2022	fermented food	vegetable	vegetable	USA: California	Caffrey2024	PRJNA1092721		NCBI	MiFoDB, a workflow for microbial food metagenomic characterization, enables high-resolution analysis of fermented food microbial dynamics Elisa B. Caffrey, Matthew R. Olm, Caroline Isabel Kothe, Joshua Evans, Justin L. Sonnenburg bioRxiv 2024.03.29.587370; doi: https://doi.org/10.1101/2024.03.29.587370
EBC_099	SAMN40633093	SRS20892327	Cinsoy S-22-P1 12/30/21	Ohio, United States of America	2022	fermented food	soy	soy	USA: Ohio	Caffrey2024	PRJNA1092721		NCBI	MiFoDB, a workflow for microbial food metagenomic characterization, enables high-resolution analysis of fermented food microbial dynamics Elisa B. Caffrey, Matthew R. Olm, Caroline Isabel Kothe, Joshua Evans, Justin L. Sonnenburg bioRxiv 2024.03.29.587370; doi: https://doi.org/10.1101/2024.03.29.587370
EBC_098	SAMN40633092	SRS20892324	Cinsoy S-21-V1 12/30/21	Ohio, United States of America	2022	fermented food	soy	soy	USA: Ohio	Caffrey2024	PRJNA1092721		NCBI	MiFoDB, a workflow for microbial food metagenomic characterization, enables high-resolution analysis of fermented food microbial dynamics Elisa B. Caffrey, Matthew R. Olm, Caroline Isabel Kothe, Joshua Evans, Justin L. Sonnenburg bioRxiv 2024.03.29.587370; doi: https://doi.org/10.1101/2024.03.29.587370
EBC_097	SAMN40633091	SRS20892323	Cinsoy tamari mother 4/29/2021	Ohio, United States of America	2022	fermented food	soy	soy	USA: Ohio	Caffrey2024	PRJNA1092721		NCBI	MiFoDB, a workflow for microbial food metagenomic characterization, enables high-resolution analysis of fermented food microbial dynamics Elisa B. Caffrey, Matthew R. Olm, Caroline Isabel Kothe, Joshua Evans, Justin L. Sonnenburg bioRxiv 2024.03.29.587370; doi: https://doi.org/10.1101/2024.03.29.587370
EBC_096	SAMN40633090	SRS20892326	Cinsoy Shoyu mother 2/28/21	Ohio, United States of America	2022	fermented food	soy	soy	USA: Ohio	Caffrey2024	PRJNA1092721		NCBI	MiFoDB, a workflow for microbial food metagenomic characterization, enables high-resolution analysis of fermented food microbial dynamics Elisa B. Caffrey, Matthew R. Olm, Caroline Isabel Kothe, Joshua Evans, Justin L. Sonnenburg bioRxiv 2024.03.29.587370; doi: https://doi.org/10.1101/2024.03.29.587370
EBC_095	SAMN40633089	SRS20892325	daikon kasuzuke	Colorado, United States of America	2022	fermented food	vegetable	vegetable	USA: Colorado	Caffrey2024	PRJNA1092721		NCBI	MiFoDB, a workflow for microbial food metagenomic characterization, enables high-resolution analysis of fermented food microbial dynamics Elisa B. Caffrey, Matthew R. Olm, Caroline Isabel Kothe, Joshua Evans, Justin L. Sonnenburg bioRxiv 2024.03.29.587370; doi: https://doi.org/10.1101/2024.03.29.587370
EBC_094	SAMN40633088	SRS20892322	yeast miso	Antwerp, Belgium	2022	fermented food	soy	soy	Belgium:Antwerp	Caffrey2024	PRJNA1092721		NCBI	MiFoDB, a workflow for microbial food metagenomic characterization, enables high-resolution analysis of fermented food microbial dynamics Elisa B. Caffrey, Matthew R. Olm, Caroline Isabel Kothe, Joshua Evans, Justin L. Sonnenburg bioRxiv 2024.03.29.587370; doi: https://doi.org/10.1101/2024.03.29.587370
EBC_093	SAMN40633087	SRS20892321	Doubanjang october/november 2019	Tennessee, United States of America	2022	fermented food	soy	soy	USA: Tennessee	Caffrey2024	PRJNA1092721		NCBI	MiFoDB, a workflow for microbial food metagenomic characterization, enables high-resolution analysis of fermented food microbial dynamics Elisa B. Caffrey, Matthew R. Olm, Caroline Isabel Kothe, Joshua Evans, Justin L. Sonnenburg bioRxiv 2024.03.29.587370; doi: https://doi.org/10.1101/2024.03.29.587370
EBC_092	SAMN40633086	SRS20892320	Radish kraut	Tennessee, United States of America	2022	fermented food	vegetable	vegetable	USA: Tennessee	Caffrey2024	PRJNA1092721		NCBI	MiFoDB, a workflow for microbial food metagenomic characterization, enables high-resolution analysis of fermented food microbial dynamics Elisa B. Caffrey, Matthew R. Olm, Caroline Isabel Kothe, Joshua Evans, Justin L. Sonnenburg bioRxiv 2024.03.29.587370; doi: https://doi.org/10.1101/2024.03.29.587370
EBC_091	SAMN40633085	SRS20892319	Superior Qu	Colorado, United States of America	2022	fermented food	wheat	wheat	USA: Colorado	Caffrey2024	PRJNA1092721		NCBI	MiFoDB, a workflow for microbial food metagenomic characterization, enables high-resolution analysis of fermented food microbial dynamics Elisa B. Caffrey, Matthew R. Olm, Caroline Isabel Kothe, Joshua Evans, Justin L. Sonnenburg bioRxiv 2024.03.29.587370; doi: https://doi.org/10.1101/2024.03.29.587370
EBC_090	SAMN40633084	SRS20892317	Lacto-fermented Elderberry capers	Antwerp, Belgium	2022	fermented food	vegetable	vegetable	Belgium:Antwerp	Caffrey2024	PRJNA1092721		NCBI	MiFoDB, a workflow for microbial food metagenomic characterization, enables high-resolution analysis of fermented food microbial dynamics Elisa B. Caffrey, Matthew R. Olm, Caroline Isabel Kothe, Joshua Evans, Justin L. Sonnenburg bioRxiv 2024.03.29.587370; doi: https://doi.org/10.1101/2024.03.29.587370
EBC_089	SAMN40633083	SRS20892315	Dawadawa	Nigeria	2022	fermented food	soy	soy	Nigeria	Caffrey2024	PRJNA1092721		NCBI	MiFoDB, a workflow for microbial food metagenomic characterization, enables high-resolution analysis of fermented food microbial dynamics Elisa B. Caffrey, Matthew R. Olm, Caroline Isabel Kothe, Joshua Evans, Justin L. Sonnenburg bioRxiv 2024.03.29.587370; doi: https://doi.org/10.1101/2024.03.29.587370
EBC_088	SAMN40633082	SRS20892318	Burma natto	Burma	2022	fermented food	soy	soy	Myanmar	Caffrey2024	PRJNA1092721		NCBI	MiFoDB, a workflow for microbial food metagenomic characterization, enables high-resolution analysis of fermented food microbial dynamics Elisa B. Caffrey, Matthew R. Olm, Caroline Isabel Kothe, Joshua Evans, Justin L. Sonnenburg bioRxiv 2024.03.29.587370; doi: https://doi.org/10.1101/2024.03.29.587370
EBC_087	SAMN40633081	SRS20892314	pikliz 2021	Montana, United States of America	2022	fermented food	vegetable	vegetable	USA: Montana	Caffrey2024	PRJNA1092721		NCBI	MiFoDB, a workflow for microbial food metagenomic characterization, enables high-resolution analysis of fermented food microbial dynamics Elisa B. Caffrey, Matthew R. Olm, Caroline Isabel Kothe, Joshua Evans, Justin L. Sonnenburg bioRxiv 2024.03.29.587370; doi: https://doi.org/10.1101/2024.03.29.587370
EBC_086	SAMN40633080	SRS20892312	raw potato kimchi	Montana, United States of America	2022	fermented food	vegetable	vegetable	USA: Montana	Caffrey2024	PRJNA1092721		NCBI	MiFoDB, a workflow for microbial food metagenomic characterization, enables high-resolution analysis of fermented food microbial dynamics Elisa B. Caffrey, Matthew R. Olm, Caroline Isabel Kothe, Joshua Evans, Justin L. Sonnenburg bioRxiv 2024.03.29.587370; doi: https://doi.org/10.1101/2024.03.29.587370
EBC_085	SAMN40633079	SRS20892309	brioche miso	Antwerp, Belgium	2022	fermented food	soy	soy	Belgium:Antwerp	Caffrey2024	PRJNA1092721		NCBI	MiFoDB, a workflow for microbial food metagenomic characterization, enables high-resolution analysis of fermented food microbial dynamics Elisa B. Caffrey, Matthew R. Olm, Caroline Isabel Kothe, Joshua Evans, Justin L. Sonnenburg bioRxiv 2024.03.29.587370; doi: https://doi.org/10.1101/2024.03.29.587370
EBC_084	SAMN40633078	SRS20892313	shoyu 2019	Liberty, Tennessee	2022	fermented food	soy	soy	USA: Tennessee	Caffrey2024	PRJNA1092721		NCBI	MiFoDB, a workflow for microbial food metagenomic characterization, enables high-resolution analysis of fermented food microbial dynamics Elisa B. Caffrey, Matthew R. Olm, Caroline Isabel Kothe, Joshua Evans, Justin L. Sonnenburg bioRxiv 2024.03.29.587370; doi: https://doi.org/10.1101/2024.03.29.587370
EBC_083	SAMN40633077	SRS20892310	tofuru /03	Liberty, Tennessee	2022	fermented food	tofu	tofu	USA: Tennessee	Caffrey2024	PRJNA1092721		NCBI	MiFoDB, a workflow for microbial food metagenomic characterization, enables high-resolution analysis of fermented food microbial dynamics Elisa B. Caffrey, Matthew R. Olm, Caroline Isabel Kothe, Joshua Evans, Justin L. Sonnenburg bioRxiv 2024.03.29.587370; doi: https://doi.org/10.1101/2024.03.29.587370
EBC_082	SAMN40633076	SRS20892311	furu 10/20	Liberty, Tennessee	2022	fermented food	tofu	tofu	USA: Tennessee	Caffrey2024	PRJNA1092721		NCBI	MiFoDB, a workflow for microbial food metagenomic characterization, enables high-resolution analysis of fermented food microbial dynamics Elisa B. Caffrey, Matthew R. Olm, Caroline Isabel Kothe, Joshua Evans, Justin L. Sonnenburg bioRxiv 2024.03.29.587370; doi: https://doi.org/10.1101/2024.03.29.587370
EBC_081	SAMN40633075	SRS20892307	tofuru #1 with special sauce 4/21/19	Liberty, Tennessee	2022	fermented food	tofu	tofu	USA: Tennessee	Caffrey2024	PRJNA1092721		NCBI	MiFoDB, a workflow for microbial food metagenomic characterization, enables high-resolution analysis of fermented food microbial dynamics Elisa B. Caffrey, Matthew R. Olm, Caroline Isabel Kothe, Joshua Evans, Justin L. Sonnenburg bioRxiv 2024.03.29.587370; doi: https://doi.org/10.1101/2024.03.29.587370
EBC_080	SAMN40633074	SRS20892308	reddish mold on mao dofu	Liberty, Tennessee	2022	fermented food	tofu	tofu	USA: Tennessee	Caffrey2024	PRJNA1092721		NCBI	MiFoDB, a workflow for microbial food metagenomic characterization, enables high-resolution analysis of fermented food microbial dynamics Elisa B. Caffrey, Matthew R. Olm, Caroline Isabel Kothe, Joshua Evans, Justin L. Sonnenburg bioRxiv 2024.03.29.587370; doi: https://doi.org/10.1101/2024.03.29.587370
EBC_040	SAMN40633073	SRS20892306	Queens Water Kimchi	California, United States of America	2021	fermented food	vegetable	vegetable	USA: California	Caffrey2024	PRJNA1092721		NCBI	MiFoDB, a workflow for microbial food metagenomic characterization, enables high-resolution analysis of fermented food microbial dynamics Elisa B. Caffrey, Matthew R. Olm, Caroline Isabel Kothe, Joshua Evans, Justin L. Sonnenburg bioRxiv 2024.03.29.587370; doi: https://doi.org/10.1101/2024.03.29.587370
EBC_038	SAMN40633072	SRS20892303	Stagiaire SB top 2	California, United States of America	2021	fermented food	fruit	fruit	USA: California	Caffrey2024	PRJNA1092721		NCBI	MiFoDB, a workflow for microbial food metagenomic characterization, enables high-resolution analysis of fermented food microbial dynamics Elisa B. Caffrey, Matthew R. Olm, Caroline Isabel Kothe, Joshua Evans, Justin L. Sonnenburg bioRxiv 2024.03.29.587370; doi: https://doi.org/10.1101/2024.03.29.587370
EBC_037	SAMN40633071	SRS20892304	Stagiaire SB top 1	California, United States of America	2021	fermented food	fruit	fruit	USA: California	Caffrey2024	PRJNA1092721		NCBI	MiFoDB, a workflow for microbial food metagenomic characterization, enables high-resolution analysis of fermented food microbial dynamics Elisa B. Caffrey, Matthew R. Olm, Caroline Isabel Kothe, Joshua Evans, Justin L. Sonnenburg bioRxiv 2024.03.29.587370; doi: https://doi.org/10.1101/2024.03.29.587370
EBC_036	SAMN40633070	SRS20892302	Stagiaire rtp	California, United States of America	2021	fermented food	fruit	fruit	USA: California	Caffrey2024	PRJNA1092721		NCBI	MiFoDB, a workflow for microbial food metagenomic characterization, enables high-resolution analysis of fermented food microbial dynamics Elisa B. Caffrey, Matthew R. Olm, Caroline Isabel Kothe, Joshua Evans, Justin L. Sonnenburg bioRxiv 2024.03.29.587370; doi: https://doi.org/10.1101/2024.03.29.587370
EBC_035	SAMN40633069	SRS20892301	Stagiaire SB cider	California, United States of America	2021	fermented food	fruit	fruit	USA: California	Caffrey2024	PRJNA1092721		NCBI	MiFoDB, a workflow for microbial food metagenomic characterization, enables high-resolution analysis of fermented food microbial dynamics Elisa B. Caffrey, Matthew R. Olm, Caroline Isabel Kothe, Joshua Evans, Justin L. Sonnenburg bioRxiv 2024.03.29.587370; doi: https://doi.org/10.1101/2024.03.29.587370
EBC_034	SAMN40633068	SRS20892298	Stagiaire scales and arpeggios supernatant	California, United States of America	2021	fermented food	fruit	fruit	USA: California	Caffrey2024	PRJNA1092721		NCBI	MiFoDB, a workflow for microbial food metagenomic characterization, enables high-resolution analysis of fermented food microbial dynamics Elisa B. Caffrey, Matthew R. Olm, Caroline Isabel Kothe, Joshua Evans, Justin L. Sonnenburg bioRxiv 2024.03.29.587370; doi: https://doi.org/10.1101/2024.03.29.587370
EBC_033	SAMN40633067	SRS20892300	Ruby wine supernatant	California, United States of America	2021	fermented food	fruit	fruit	USA: California	Caffrey2024	PRJNA1092721		NCBI	MiFoDB, a workflow for microbial food metagenomic characterization, enables high-resolution analysis of fermented food microbial dynamics Elisa B. Caffrey, Matthew R. Olm, Caroline Isabel Kothe, Joshua Evans, Justin L. Sonnenburg bioRxiv 2024.03.29.587370; doi: https://doi.org/10.1101/2024.03.29.587370
EBC_032	SAMN40633066	SRS20892299	Ruby wine pellet	California, United States of America	2021	fermented food	fruit	fruit	USA: California	Caffrey2024	PRJNA1092721		NCBI	MiFoDB, a workflow for microbial food metagenomic characterization, enables high-resolution analysis of fermented food microbial dynamics Elisa B. Caffrey, Matthew R. Olm, Caroline Isabel Kothe, Joshua Evans, Justin L. Sonnenburg bioRxiv 2024.03.29.587370; doi: https://doi.org/10.1101/2024.03.29.587370
EBC_031	SAMN40633065	SRS20892295	Alimentari Aurora red kraut brine	California, United States of America	2021	fermented food	vegetable	vegetable	USA: California	Caffrey2024	PRJNA1092721		NCBI	MiFoDB, a workflow for microbial food metagenomic characterization, enables high-resolution analysis of fermented food microbial dynamics Elisa B. Caffrey, Matthew R. Olm, Caroline Isabel Kothe, Joshua Evans, Justin L. Sonnenburg bioRxiv 2024.03.29.587370; doi: https://doi.org/10.1101/2024.03.29.587370
EBC_030	SAMN40633064	SRS20892296	Alimentari Aurora red kraut solid	California, United States of America	2021	fermented food	vegetable	vegetable	USA: California	Caffrey2024	PRJNA1092721		NCBI	MiFoDB, a workflow for microbial food metagenomic characterization, enables high-resolution analysis of fermented food microbial dynamics Elisa B. Caffrey, Matthew R. Olm, Caroline Isabel Kothe, Joshua Evans, Justin L. Sonnenburg bioRxiv 2024.03.29.587370; doi: https://doi.org/10.1101/2024.03.29.587370
EBC_029	SAMN40633063	SRS20892297	Alimentari Aurora wild leek capers	California, United States of America	2021	fermented food	vegetable	vegetable	USA: California	Caffrey2024	PRJNA1092721		NCBI	MiFoDB, a workflow for microbial food metagenomic characterization, enables high-resolution analysis of fermented food microbial dynamics Elisa B. Caffrey, Matthew R. Olm, Caroline Isabel Kothe, Joshua Evans, Justin L. Sonnenburg bioRxiv 2024.03.29.587370; doi: https://doi.org/10.1101/2024.03.29.587370
EBC_028	SAMN40633062	SRS20892293	Stagiaire white wine supernatant	California, United States of America	2021	fermented food	fruit	fruit	USA: California	Caffrey2024	PRJNA1092721		NCBI	MiFoDB, a workflow for microbial food metagenomic characterization, enables high-resolution analysis of fermented food microbial dynamics Elisa B. Caffrey, Matthew R. Olm, Caroline Isabel Kothe, Joshua Evans, Justin L. Sonnenburg bioRxiv 2024.03.29.587370; doi: https://doi.org/10.1101/2024.03.29.587370
EBC_027	SAMN40633061	SRS20892292	Stagiaire white wine pellet	California, United States of America	2021	fermented food	fruit	fruit	USA: California	Caffrey2024	PRJNA1092721		NCBI	MiFoDB, a workflow for microbial food metagenomic characterization, enables high-resolution analysis of fermented food microbial dynamics Elisa B. Caffrey, Matthew R. Olm, Caroline Isabel Kothe, Joshua Evans, Justin L. Sonnenburg bioRxiv 2024.03.29.587370; doi: https://doi.org/10.1101/2024.03.29.587370
EBC_026	SAMN40633060	SRS20892291	Stagiaire pink wine supernatant	California, United States of America	2021	fermented food	fruit	fruit	USA: California	Caffrey2024	PRJNA1092721		NCBI	MiFoDB, a workflow for microbial food metagenomic characterization, enables high-resolution analysis of fermented food microbial dynamics Elisa B. Caffrey, Matthew R. Olm, Caroline Isabel Kothe, Joshua Evans, Justin L. Sonnenburg bioRxiv 2024.03.29.587370; doi: https://doi.org/10.1101/2024.03.29.587370
EBC_025	SAMN40633059	SRS20892288	Stagiaire pink wine pellet	California, United States of America	2021	fermented food	fruit	fruit	USA: California	Caffrey2024	PRJNA1092721		NCBI	MiFoDB, a workflow for microbial food metagenomic characterization, enables high-resolution analysis of fermented food microbial dynamics Elisa B. Caffrey, Matthew R. Olm, Caroline Isabel Kothe, Joshua Evans, Justin L. Sonnenburg bioRxiv 2024.03.29.587370; doi: https://doi.org/10.1101/2024.03.29.587370
EBC_024	SAMN40633058	SRS20892286	Goat Kefir 60h	California, United States of America	2021	fermented food	dairy	dairy	USA: California	Caffrey2024	PRJNA1092721		NCBI	MiFoDB, a workflow for microbial food metagenomic characterization, enables high-resolution analysis of fermented food microbial dynamics Elisa B. Caffrey, Matthew R. Olm, Caroline Isabel Kothe, Joshua Evans, Justin L. Sonnenburg bioRxiv 2024.03.29.587370; doi: https://doi.org/10.1101/2024.03.29.587370
EBC_023	SAMN40633057	SRS20892289	Goat Kefir 50h	California, United States of America	2021	fermented food	dairy	dairy	USA: California	Caffrey2024	PRJNA1092721		NCBI	MiFoDB, a workflow for microbial food metagenomic characterization, enables high-resolution analysis of fermented food microbial dynamics Elisa B. Caffrey, Matthew R. Olm, Caroline Isabel Kothe, Joshua Evans, Justin L. Sonnenburg bioRxiv 2024.03.29.587370; doi: https://doi.org/10.1101/2024.03.29.587370
EBC_022	SAMN40633056	SRS20892290	Goat Kefir 40h	California, United States of America	2021	fermented food	dairy	dairy	USA: California	Caffrey2024	PRJNA1092721		NCBI	MiFoDB, a workflow for microbial food metagenomic characterization, enables high-resolution analysis of fermented food microbial dynamics Elisa B. Caffrey, Matthew R. Olm, Caroline Isabel Kothe, Joshua Evans, Justin L. Sonnenburg bioRxiv 2024.03.29.587370; doi: https://doi.org/10.1101/2024.03.29.587370
EBC_021	SAMN40633055	SRS20892285	Goat Kefir 35h	California, United States of America	2021	fermented food	dairy	dairy	USA: California	Caffrey2024	PRJNA1092721		NCBI	MiFoDB, a workflow for microbial food metagenomic characterization, enables high-resolution analysis of fermented food microbial dynamics Elisa B. Caffrey, Matthew R. Olm, Caroline Isabel Kothe, Joshua Evans, Justin L. Sonnenburg bioRxiv 2024.03.29.587370; doi: https://doi.org/10.1101/2024.03.29.587370
EBC_020	SAMN40633054	SRS20892287	Goat Kefir 30h	California, United States of America	2021	fermented food	dairy	dairy	USA: California	Caffrey2024	PRJNA1092721		NCBI	MiFoDB, a workflow for microbial food metagenomic characterization, enables high-resolution analysis of fermented food microbial dynamics Elisa B. Caffrey, Matthew R. Olm, Caroline Isabel Kothe, Joshua Evans, Justin L. Sonnenburg bioRxiv 2024.03.29.587370; doi: https://doi.org/10.1101/2024.03.29.587370
EBC_019	SAMN40633053	SRS20892284	Goat Kefir 25h	California, United States of America	2021	fermented food	dairy	dairy	USA: California	Caffrey2024	PRJNA1092721		NCBI	MiFoDB, a workflow for microbial food metagenomic characterization, enables high-resolution analysis of fermented food microbial dynamics Elisa B. Caffrey, Matthew R. Olm, Caroline Isabel Kothe, Joshua Evans, Justin L. Sonnenburg bioRxiv 2024.03.29.587370; doi: https://doi.org/10.1101/2024.03.29.587370
EBC_018	SAMN40633052	SRS20892370	Goat Kefir 23h	California, United States of America	2021	fermented food	dairy	dairy	USA: California	Caffrey2024	PRJNA1092721		NCBI	MiFoDB, a workflow for microbial food metagenomic characterization, enables high-resolution analysis of fermented food microbial dynamics Elisa B. Caffrey, Matthew R. Olm, Caroline Isabel Kothe, Joshua Evans, Justin L. Sonnenburg bioRxiv 2024.03.29.587370; doi: https://doi.org/10.1101/2024.03.29.587370
EBC_017	SAMN40633051	SRS20892359	Goat Kefir 21h	California, United States of America	2021	fermented food	dairy	dairy	USA: California	Caffrey2024	PRJNA1092721		NCBI	MiFoDB, a workflow for microbial food metagenomic characterization, enables high-resolution analysis of fermented food microbial dynamics Elisa B. Caffrey, Matthew R. Olm, Caroline Isabel Kothe, Joshua Evans, Justin L. Sonnenburg bioRxiv 2024.03.29.587370; doi: https://doi.org/10.1101/2024.03.29.587370
EBC_016	SAMN40633050	SRS20892349	Goat Kefir 19h	California, United States of America	2021	fermented food	dairy	dairy	USA: California	Caffrey2024	PRJNA1092721		NCBI	MiFoDB, a workflow for microbial food metagenomic characterization, enables high-resolution analysis of fermented food microbial dynamics Elisa B. Caffrey, Matthew R. Olm, Caroline Isabel Kothe, Joshua Evans, Justin L. Sonnenburg bioRxiv 2024.03.29.587370; doi: https://doi.org/10.1101/2024.03.29.587370
EBC_015	SAMN40633049	SRS20892338	Goat Kefir 17h	California, United States of America	2021	fermented food	dairy	dairy	USA: California	Caffrey2024	PRJNA1092721		NCBI	MiFoDB, a workflow for microbial food metagenomic characterization, enables high-resolution analysis of fermented food microbial dynamics Elisa B. Caffrey, Matthew R. Olm, Caroline Isabel Kothe, Joshua Evans, Justin L. Sonnenburg bioRxiv 2024.03.29.587370; doi: https://doi.org/10.1101/2024.03.29.587370
EBC_014	SAMN40633048	SRS20892328	Goat Kefir 15h	California, United States of America	2021	fermented food	dairy	dairy	USA: California	Caffrey2024	PRJNA1092721		NCBI	MiFoDB, a workflow for microbial food metagenomic characterization, enables high-resolution analysis of fermented food microbial dynamics Elisa B. Caffrey, Matthew R. Olm, Caroline Isabel Kothe, Joshua Evans, Justin L. Sonnenburg bioRxiv 2024.03.29.587370; doi: https://doi.org/10.1101/2024.03.29.587370
EBC_013	SAMN40633047	SRS20892316	Goat Kefir 12h	California, United States of America	2021	fermented food	dairy	dairy	USA: California	Caffrey2024	PRJNA1092721		NCBI	MiFoDB, a workflow for microbial food metagenomic characterization, enables high-resolution analysis of fermented food microbial dynamics Elisa B. Caffrey, Matthew R. Olm, Caroline Isabel Kothe, Joshua Evans, Justin L. Sonnenburg bioRxiv 2024.03.29.587370; doi: https://doi.org/10.1101/2024.03.29.587370
EBC_012	SAMN40633046	SRS20892305	Goat Kefir 9h	California, United States of America	2021	fermented food	dairy	dairy	USA: California	Caffrey2024	PRJNA1092721		NCBI	MiFoDB, a workflow for microbial food metagenomic characterization, enables high-resolution analysis of fermented food microbial dynamics Elisa B. Caffrey, Matthew R. Olm, Caroline Isabel Kothe, Joshua Evans, Justin L. Sonnenburg bioRxiv 2024.03.29.587370; doi: https://doi.org/10.1101/2024.03.29.587370
EBC_011	SAMN40633045	SRS20892294	Goat Kefir 6h	California, United States of America	2021	fermented food	dairy	dairy	USA: California	Caffrey2024	PRJNA1092721		NCBI	MiFoDB, a workflow for microbial food metagenomic characterization, enables high-resolution analysis of fermented food microbial dynamics Elisa B. Caffrey, Matthew R. Olm, Caroline Isabel Kothe, Joshua Evans, Justin L. Sonnenburg bioRxiv 2024.03.29.587370; doi: https://doi.org/10.1101/2024.03.29.587370
EBC_010	SAMN40633044	SRS20892283	Goat Kefir 3h	California, United States of America	2021	fermented food	dairy	dairy	USA: California	Caffrey2024	PRJNA1092721		NCBI	MiFoDB, a workflow for microbial food metagenomic characterization, enables high-resolution analysis of fermented food microbial dynamics Elisa B. Caffrey, Matthew R. Olm, Caroline Isabel Kothe, Joshua Evans, Justin L. Sonnenburg bioRxiv 2024.03.29.587370; doi: https://doi.org/10.1101/2024.03.29.587370
EBC_009	SAMN40633043	SRS20892282	Goat Kefir 0h	California, United States of America	2021	fermented food	dairy	dairy	USA: California	Caffrey2024	PRJNA1092721		NCBI	MiFoDB, a workflow for microbial food metagenomic characterization, enables high-resolution analysis of fermented food microbial dynamics Elisa B. Caffrey, Matthew R. Olm, Caroline Isabel Kothe, Joshua Evans, Justin L. Sonnenburg bioRxiv 2024.03.29.587370; doi: https://doi.org/10.1101/2024.03.29.587370
