run_accession	sample_id	type	country	project_accession	sample_accession	Center Name	study_accession
ERR1869526	D4	Bean paste	Korean	PRJEB19846	SAMEA103891070	KOREA FOOD RESEARCH INSTITUTE	ERP021911
ERR1869527	D9	Bean paste	Korean	PRJEB19846	SAMEA103891071	KOREA FOOD RESEARCH INSTITUTE	ERP021911
ERR1869528	D13	Bean paste	Korean	PRJEB19846	SAMEA103891072	KOREA FOOD RESEARCH INSTITUTE	ERP021911
ERR1869529	D15	Bean paste	Korean	PRJEB19846	SAMEA103891073	KOREA FOOD RESEARCH INSTITUTE	ERP021911
ERR1869530	D16	Bean paste	Korean	PRJEB19846	SAMEA103891074	KOREA FOOD RESEARCH INSTITUTE	ERP021911
ERR2298550	K1-2	Kimchi	Korean	PRJEB23957	SAMEA104430799	KYUNG HEE UNIV.	ERP105740
ERR2298551	K1-3	Kimchi	Korean	PRJEB23957	SAMEA104430800	KYUNG HEE UNIV.	ERP105740
ERR2298552	K2-1	Kimchi	Korean	PRJEB23957	SAMEA104430801	KYUNG HEE UNIV.	ERP105740
ERR2298553	K2-2	Kimchi	Korean	PRJEB23957	SAMEA104430802	KYUNG HEE UNIV.	ERP105740
ERR2298554	K2-3	Kimchi	Korean	PRJEB23957	SAMEA104430803	KYUNG HEE UNIV.	ERP105740
ERR2298555	K3-1	Kimchi	Korean	PRJEB23957	SAMEA104430804	KYUNG HEE UNIV.	ERP105740
ERR2298556	K3-2	Kimchi	Korean	PRJEB23957	SAMEA104430805	KYUNG HEE UNIV.	ERP105740
ERR2298557	K3-3	Kimchi	Korean	PRJEB23957	SAMEA104430806	KYUNG HEE UNIV.	ERP105740
ERR2298558	K4-1	Kimchi	Korean	PRJEB23957	SAMEA104430807	KYUNG HEE UNIV.	ERP105740
ERR2298559	K4-2	Kimchi	Korean	PRJEB23957	SAMEA104430808	KYUNG HEE UNIV.	ERP105740
ERR2298560	K4-3	Kimchi	Korean	PRJEB23957	SAMEA104430809	KYUNG HEE UNIV.	ERP105740
ERR2298561	K5-1	Kimchi	Korean	PRJEB23957	SAMEA104430810	KYUNG HEE UNIV.	ERP105740
ERR2298562	K5-2	Kimchi	Korean	PRJEB23957	SAMEA104430811	KYUNG HEE UNIV.	ERP105740
ERR2298563	K5-3	Kimchi	Korean	PRJEB23957	SAMEA104430812	KYUNG HEE UNIV.	ERP105740
ERR2298564	K6-1	Kimchi	Korean	PRJEB23957	SAMEA104430813	KYUNG HEE UNIV.	ERP105740
ERR2298565	K6-2	Kimchi	Korean	PRJEB23957	SAMEA104430814	KYUNG HEE UNIV.	ERP105740
ERR2298566	K6-3	Kimchi	Korean	PRJEB23957	SAMEA104430815	KYUNG HEE UNIV.	ERP105740
ERR2298567	K7-1	Kimchi	Korean	PRJEB23957	SAMEA104430816	KYUNG HEE UNIV.	ERP105740
ERR2298568	K7-2	Kimchi	Korean	PRJEB23957	SAMEA104430817	KYUNG HEE UNIV.	ERP105740
ERR2298569	K7-3	Kimchi	Korean	PRJEB23957	SAMEA104430818	KYUNG HEE UNIV.	ERP105740
ERR2298570	K8-1	Kimchi	Korean	PRJEB23957	SAMEA104430819	KYUNG HEE UNIV.	ERP105740
ERR2298571	K8-2	Kimchi	Korean	PRJEB23957	SAMEA104430820	KYUNG HEE UNIV.	ERP105740
ERR2298572	K8-3	Kimchi	Korean	PRJEB23957	SAMEA104430821	KYUNG HEE UNIV.	ERP105740
ERR2298573	K9-1	Kimchi	Korean	PRJEB23957	SAMEA104430822	KYUNG HEE UNIV.	ERP105740
ERR2298574	K9-2	Kimchi	Korean	PRJEB23957	SAMEA104430823	KYUNG HEE UNIV.	ERP105740
ERR2298575	K9-3	Kimchi	Korean	PRJEB23957	SAMEA104430824	KYUNG HEE UNIV.	ERP105740
ERR2298576	K10-1	Kimchi	Korean	PRJEB23957	SAMEA104430825	KYUNG HEE UNIV.	ERP105740
ERR2298577	K10-2	Kimchi	Korean	PRJEB23957	SAMEA104430826	KYUNG HEE UNIV.	ERP105740
ERR2298578	K10-3	Kimchi	Korean	PRJEB23957	SAMEA104430827	KYUNG HEE UNIV.	ERP105740
ERR2298579	C1-1	Kimchi	China	PRJEB23957	SAMEA104430828	KYUNG HEE UNIV.	ERP105740
ERR2298580	C1-2	Kimchi	China	PRJEB23957	SAMEA104430829	KYUNG HEE UNIV.	ERP105740
ERR2298581	C1-3	Kimchi	China	PRJEB23957	SAMEA104430830	KYUNG HEE UNIV.	ERP105740
ERR2298582	C2-1	Kimchi	China	PRJEB23957	SAMEA104430831	KYUNG HEE UNIV.	ERP105740
ERR2298583	C2-2	Kimchi	China	PRJEB23957	SAMEA104430832	KYUNG HEE UNIV.	ERP105740
ERR2298584	C2-3	Kimchi	China	PRJEB23957	SAMEA104430833	KYUNG HEE UNIV.	ERP105740
ERR2298585	C3-1	Kimchi	China	PRJEB23957	SAMEA104430834	KYUNG HEE UNIV.	ERP105740
ERR2298586	C3-2	Kimchi	China	PRJEB23957	SAMEA104430835	KYUNG HEE UNIV.	ERP105740
ERR2298587	C3-3	Kimchi	China	PRJEB23957	SAMEA104430836	KYUNG HEE UNIV.	ERP105740
ERR2298588	C4-1	Kimchi	China	PRJEB23957	SAMEA104430837	KYUNG HEE UNIV.	ERP105740
ERR2298589	C4-2	Kimchi	China	PRJEB23957	SAMEA104430838	KYUNG HEE UNIV.	ERP105740
ERR2298590	C4-3	Kimchi	China	PRJEB23957	SAMEA104430839	KYUNG HEE UNIV.	ERP105740
ERR2298591	C5-1	Kimchi	China	PRJEB23957	SAMEA104430840	KYUNG HEE UNIV.	ERP105740
ERR2298592	C5-2	Kimchi	China	PRJEB23957	SAMEA104430841	KYUNG HEE UNIV.	ERP105740
ERR2298593	C5-3	Kimchi	China	PRJEB23957	SAMEA104430842	KYUNG HEE UNIV.	ERP105740
ERR2298594	C6-1	Kimchi	China	PRJEB23957	SAMEA104430843	KYUNG HEE UNIV.	ERP105740
ERR2298595	C6-2	Kimchi	China	PRJEB23957	SAMEA104430844	KYUNG HEE UNIV.	ERP105740
ERR2298596	C6-3	Kimchi	China	PRJEB23957	SAMEA104430845	KYUNG HEE UNIV.	ERP105740
ERR2298597	C7-1	Kimchi	China	PRJEB23957	SAMEA104430846	KYUNG HEE UNIV.	ERP105740
ERR2298598	C7-2	Kimchi	China	PRJEB23957	SAMEA104430847	KYUNG HEE UNIV.	ERP105740
ERR2298599	C7-3	Kimchi	China	PRJEB23957	SAMEA104430848	KYUNG HEE UNIV.	ERP105740
ERR2298600	C8-1	Kimchi	China	PRJEB23957	SAMEA104430849	KYUNG HEE UNIV.	ERP105740
ERR2298601	C8-2	Kimchi	China	PRJEB23957	SAMEA104430850	KYUNG HEE UNIV.	ERP105740
ERR2298602	C8-3	Kimchi	China	PRJEB23957	SAMEA104430851	KYUNG HEE UNIV.	ERP105740
ERR2298603	C9-1	Kimchi	China	PRJEB23957	SAMEA104430852	KYUNG HEE UNIV.	ERP105740
ERR2298604	C9-2	Kimchi	China	PRJEB23957	SAMEA104430853	KYUNG HEE UNIV.	ERP105740
ERR2298605	C9-3	Kimchi	China	PRJEB23957	SAMEA104430854	KYUNG HEE UNIV.	ERP105740
ERR2298606	C10-1	Kimchi	China	PRJEB23957	SAMEA104430855	KYUNG HEE UNIV.	ERP105740
ERR2298607	C10-2	Kimchi	China	PRJEB23957	SAMEA104430856	KYUNG HEE UNIV.	ERP105740
ERR2298608	C10-3	Kimchi	China	PRJEB23957	SAMEA104430857	KYUNG HEE UNIV.	ERP105740
ERR3094540	W1	Wine	Germany	PRJEB30801	SAMEA5241073	NATURAL HISTORY MUSEUM OF DENMARK	ERP113284
ERR3094541	W2	Wine	Germany	PRJEB30801	SAMEA5241074	NATURAL HISTORY MUSEUM OF DENMARK	ERP113284
ERR3094542	W3	Wine	Germany	PRJEB30801	SAMEA5241075	NATURAL HISTORY MUSEUM OF DENMARK	ERP113284
ERR3094543	W4	Wine	Germany	PRJEB30801	SAMEA5241076	NATURAL HISTORY MUSEUM OF DENMARK	ERP113284
ERR3094544	W5	Wine	Germany	PRJEB30801	SAMEA5241077	NATURAL HISTORY MUSEUM OF DENMARK	ERP113284
ERR3094545	W6	Wine	Germany	PRJEB30801	SAMEA5241078	NATURAL HISTORY MUSEUM OF DENMARK	ERP113284
ERR3094546	W7	Wine	Germany	PRJEB30801	SAMEA5241079	NATURAL HISTORY MUSEUM OF DENMARK	ERP113284
ERR3094547	W8	Wine	Germany	PRJEB30801	SAMEA5241080	NATURAL HISTORY MUSEUM OF DENMARK	ERP113284
ERR3094548	W9	Wine	Germany	PRJEB30801	SAMEA5241081	NATURAL HISTORY MUSEUM OF DENMARK	ERP113284
ERR3094549	W10	Wine	Germany	PRJEB30801	SAMEA5241082	NATURAL HISTORY MUSEUM OF DENMARK	ERP113284
ERR752910	pinkcheese_shotgun1	Cheese	Ireland	PRJEB6952	SAMEA3232870	TEAGASC	ERP006630
ERR752911	pinkcheese_shotgun2	Cheese	Ireland	PRJEB6952	SAMEA3232871	TEAGASC	ERP006630
ERR752912	pinkcheese_shotgun3	Cheese	Ireland	PRJEB6952	SAMEA3232872	TEAGASC	ERP006630
ERR752913	pinkcheese_shotgun4	Cheese	Ireland	PRJEB6952	SAMEA3232873	TEAGASC	ERP006630
ERR752914	pinkcheese_shotgun5	Cheese	Ireland	PRJEB6952	SAMEA3232874	TEAGASC	ERP006630
ERR752915	pinkcheese_shotgun6	Cheese	Ireland	PRJEB6952	SAMEA3232875	TEAGASC	ERP006630
ERR752916	pinkcheese_shotgun7	Cheese	Ireland	PRJEB6952	SAMEA3232876	TEAGASC	ERP006630
ERR752917	pinkcheese_shotgun8	Cheese	Ireland	PRJEB6952	SAMEA3232877	TEAGASC	ERP006630
ERR752918	pinkcheese_shotgun9	Cheese	Ireland	PRJEB6952	SAMEA3232878	TEAGASC	ERP006630
ERR752919	pinkcheese_shotgun10	Cheese	Ireland	PRJEB6952	SAMEA3232879	TEAGASC	ERP006630
ERR2119696	i24hd4	Milk kefir	Ireland	PRJEB22610	SAMEA104293489	TEAGASC	ERP104300
ERR2119697	i24hd5	Milk kefir	Ireland	PRJEB22610	SAMEA104293490	TEAGASC	ERP104300
ERR2119698	i24hd6	Milk kefir	Ireland	PRJEB22610	SAMEA104293491	TEAGASC	ERP104300
ERR2119700	u24hd4	Milk kefir	Ireland	PRJEB22610	SAMEA104293493	TEAGASC	ERP104300
ERR2119701	u24hd5	Milk kefir	Ireland	PRJEB22610	SAMEA104293494	TEAGASC	ERP104300
ERR2119702	u24hd6	Milk kefir	Ireland	PRJEB22610	SAMEA104293495	TEAGASC	ERP104300
DRR205701	F1D	Chinese liquor	China	PRJDB9193	SAMD00200757	JIANGNAN	DRP006123
DRR205702	F2D	Chinese liquor	China	PRJDB9193	SAMD00200758	JIANGNAN	DRP006123
DRR205703	F3D	Chinese liquor	China	PRJDB9193	SAMD00200759	JIANGNAN	DRP006123
ERR2212267	CA0	Cheese	Ireland	PRJEB15423	SAMEA104414147	TEAGASC	ERP017154
ERR2212268	CA15	Cheese	Ireland	PRJEB15423	SAMEA104414148	TEAGASC	ERP017154
ERR2212269	CA24	Cheese	Ireland	PRJEB15423	SAMEA104414149	TEAGASC	ERP017154
ERR2212270	CA30	Cheese	Ireland	PRJEB15423	SAMEA104414150	TEAGASC	ERP017154
ERR2212271	CB0	Cheese	Ireland	PRJEB15423	SAMEA104414151	TEAGASC	ERP017154
ERR2212272	CB15	Cheese	Ireland	PRJEB15423	SAMEA104414152	TEAGASC	ERP017154
ERR2212273	CB24	Cheese	Ireland	PRJEB15423	SAMEA104414153	TEAGASC	ERP017154
ERR2212274	CB30	Cheese	Ireland	PRJEB15423	SAMEA104414154	TEAGASC	ERP017154
ERR2212275	CC0	Cheese	Ireland	PRJEB15423	SAMEA104414155	TEAGASC	ERP017154
ERR2212276	CC15	Cheese	Ireland	PRJEB15423	SAMEA104414156	TEAGASC	ERP017154
ERR2212277	CC24	Cheese	Ireland	PRJEB15423	SAMEA104414157	TEAGASC	ERP017154
ERR2212278	CC30	Cheese	Ireland	PRJEB15423	SAMEA104414158	TEAGASC	ERP017154
ERR2212279	DA0	Cheese	Ireland	PRJEB15423	SAMEA104414159	TEAGASC	ERP017154
ERR2212280	DA15	Cheese	Ireland	PRJEB15423	SAMEA104414160	TEAGASC	ERP017154
ERR2212281	DA24	Cheese	Ireland	PRJEB15423	SAMEA104414161	TEAGASC	ERP017154
ERR2212282	DA30	Cheese	Ireland	PRJEB15423	SAMEA104414162	TEAGASC	ERP017154
ERR2212283	DB0	Cheese	Ireland	PRJEB15423	SAMEA104414163	TEAGASC	ERP017154
ERR2212284	DB15	Cheese	Ireland	PRJEB15423	SAMEA104414164	TEAGASC	ERP017154
ERR2212285	DB24	Cheese	Ireland	PRJEB15423	SAMEA104414165	TEAGASC	ERP017154
ERR2212286	DB30	Cheese	Ireland	PRJEB15423	SAMEA104414166	TEAGASC	ERP017154
ERR2212287	DC0	Cheese	Ireland	PRJEB15423	SAMEA104414167	TEAGASC	ERP017154
ERR2212288	DC15	Cheese	Ireland	PRJEB15423	SAMEA104414168	TEAGASC	ERP017154
ERR2212289	DC24	Cheese	Ireland	PRJEB15423	SAMEA104414169	TEAGASC	ERP017154
ERR2212290	DC30	Cheese	Ireland	PRJEB15423	SAMEA104414170	TEAGASC	ERP017154
ERR2212291	SA0	Cheese	Ireland	PRJEB15423	SAMEA104414171	TEAGASC	ERP017154
ERR2212292	SA15	Cheese	Ireland	PRJEB15423	SAMEA104414172	TEAGASC	ERP017154
ERR2212293	SA24	Cheese	Ireland	PRJEB15423	SAMEA104414173	TEAGASC	ERP017154
ERR2212294	SA30	Cheese	Ireland	PRJEB15423	SAMEA104414174	TEAGASC	ERP017154
ERR2212296	SB15	Cheese	Ireland	PRJEB15423	SAMEA104414175	TEAGASC	ERP017154
ERR2212297	SB24	Cheese	Ireland	PRJEB15423	SAMEA104414176	TEAGASC	ERP017154
ERR2212298	SB30	Cheese	Ireland	PRJEB15423	SAMEA104414178	TEAGASC	ERP017154
ERR2212299	SC0	Cheese	Ireland	PRJEB15423	SAMEA104414179	TEAGASC	ERP017154
ERR2212300	SC15	Cheese	Ireland	PRJEB15423	SAMEA104414180	TEAGASC	ERP017154
ERR2212301	SC24	Cheese	Ireland	PRJEB15423	SAMEA104414181	TEAGASC	ERP017154
ERR2212302	SC30	Cheese	Ireland	PRJEB15423	SAMEA104414182	TEAGASC	ERP017154
ERR2286738	nextseq_i24hd4	Milk kefir	Ireland	PRJEB22610	SAMEA104293482	TEAGASC	ERP104300
ERR2286739	nextseq_i24hd5	Milk kefir	Ireland	PRJEB22610	SAMEA104293483	TEAGASC	ERP104300
ERR2286740	nextseq_i24hd6	Milk kefir	Ireland	PRJEB22610	SAMEA104293484	TEAGASC	ERP104300
ERR2286741	nextseq_Mock	Milk kefir	Ireland	PRJEB22610	SAMEA104293485	TEAGASC	ERP104300
ERR2286742	nextseq_u24hd4	Milk kefir	Ireland	PRJEB22610	SAMEA104293486	TEAGASC	ERP104300
ERR2286743	nextseq_u24hd5	Milk kefir	Ireland	PRJEB22610	SAMEA104293487	TEAGASC	ERP104300
ERR2286744	nextseq_u24hd6	Milk kefir	Ireland	PRJEB22610	SAMEA104293488	TEAGASC	ERP104300
ERR3340746	CS_1	Cheese	Ireland	PRJEB32768	SAMEA5662701	TEAGASC	ERP115482
ERR3340747	CS_10	Cheese	Ireland	PRJEB32768	SAMEA5662702	TEAGASC	ERP115482
ERR3340748	CS_11	Cheese	Ireland	PRJEB32768	SAMEA5662703	TEAGASC	ERP115482
ERR3340749	CS_12	Cheese	Ireland	PRJEB32768	SAMEA5662704	TEAGASC	ERP115482
ERR3340750	CS_13	Cheese	Ireland	PRJEB32768	SAMEA5662735	TEAGASC	ERP115482
ERR3340751	CS_14	Cheese	Ireland	PRJEB32768	SAMEA5662705	TEAGASC	ERP115482
ERR3340752	CS_15	Cheese	Ireland	PRJEB32768	SAMEA5662736	TEAGASC	ERP115482
ERR3340753	CS_16	Cheese	Ireland	PRJEB32768	SAMEA5662706	TEAGASC	ERP115482
ERR3340754	CS_17	Cheese	Ireland	PRJEB32768	SAMEA5662707	TEAGASC	ERP115482
ERR3340755	CS_18	Cheese	Ireland	PRJEB32768	SAMEA5662708	TEAGASC	ERP115482
ERR3340756	CS_19	Cheese	Ireland	PRJEB32768	SAMEA5662709	TEAGASC	ERP115482
ERR3340757	CS_2	Cheese	Ireland	PRJEB32768	SAMEA5662710	TEAGASC	ERP115482
ERR3340758	CS_20	Cheese	Ireland	PRJEB32768	SAMEA5662737	TEAGASC	ERP115482
ERR3340759	CS_21	Cheese	Ireland	PRJEB32768	SAMEA5662738	TEAGASC	ERP115482
ERR3340760	CS_22	Cheese	Ireland	PRJEB32768	SAMEA5662739	TEAGASC	ERP115482
ERR3340761	CS_23	Cheese	Ireland	PRJEB32768	SAMEA5662740	TEAGASC	ERP115482
ERR3340762	CS_24	Cheese	Ireland	PRJEB32768	SAMEA5662741	TEAGASC	ERP115482
ERR3340763	CS_25	Cheese	Ireland	PRJEB32768	SAMEA5662742	TEAGASC	ERP115482
ERR3340764	CS_26	Cheese	Ireland	PRJEB32768	SAMEA5662743	TEAGASC	ERP115482
ERR3340765	CS_27	Cheese	Ireland	PRJEB32768	SAMEA5662711	TEAGASC	ERP115482
ERR3340766	CS_28	Cheese	Ireland	PRJEB32768	SAMEA5662744	TEAGASC	ERP115482
ERR3340767	CS_29	Cheese	Ireland	PRJEB32768	SAMEA5662745	TEAGASC	ERP115482
ERR3340768	CS_3	Cheese	Ireland	PRJEB32768	SAMEA5662746	TEAGASC	ERP115482
ERR3340769	CS_30	Cheese	Ireland	PRJEB32768	SAMEA5662712	TEAGASC	ERP115482
ERR3340770	CS_31	Cheese	Ireland	PRJEB32768	SAMEA5662713	TEAGASC	ERP115482
ERR3340771	CS_32	Cheese	Ireland	PRJEB32768	SAMEA5662747	TEAGASC	ERP115482
ERR3340772	CS_33	Cheese	Ireland	PRJEB32768	SAMEA5662748	TEAGASC	ERP115482
ERR3340773	CS_34	Cheese	Ireland	PRJEB32768	SAMEA5662714	TEAGASC	ERP115482
ERR3340774	CS_35	Cheese	Ireland	PRJEB32768	SAMEA5662715	TEAGASC	ERP115482
ERR3340775	CS_36	Cheese	Ireland	PRJEB32768	SAMEA5662716	TEAGASC	ERP115482
ERR3340776	CS_37	Cheese	Ireland	PRJEB32768	SAMEA5662717	TEAGASC	ERP115482
ERR3340777	CS_38	Cheese	Ireland	PRJEB32768	SAMEA5662718	TEAGASC	ERP115482
ERR3340778	CS_39	Cheese	Ireland	PRJEB32768	SAMEA5662719	TEAGASC	ERP115482
ERR3340779	CS_4	Cheese	Ireland	PRJEB32768	SAMEA5662749	TEAGASC	ERP115482
ERR3340780	CS_40	Cheese	Ireland	PRJEB32768	SAMEA5662720	TEAGASC	ERP115482
ERR3340781	CS_41	Cheese	Ireland	PRJEB32768	SAMEA5662750	TEAGASC	ERP115482
ERR3340782	CS_42	Cheese	Ireland	PRJEB32768	SAMEA5662721	TEAGASC	ERP115482
ERR3340783	CS_43	Cheese	Ireland	PRJEB32768	SAMEA5662751	TEAGASC	ERP115482
ERR3340784	CS_44	Cheese	Ireland	PRJEB32768	SAMEA5662752	TEAGASC	ERP115482
ERR3340785	CS_45	Cheese	Ireland	PRJEB32768	SAMEA5662753	TEAGASC	ERP115482
ERR3340786	CS_46	Cheese	Ireland	PRJEB32768	SAMEA5662761	TEAGASC	ERP115482
ERR3340787	CS_47	Cheese	Ireland	PRJEB32768	SAMEA5662762	TEAGASC	ERP115482
ERR3340788	CS_48	Cheese	Ireland	PRJEB32768	SAMEA5662763	TEAGASC	ERP115482
ERR3340789	CS_49	Cheese	Ireland	PRJEB32768	SAMEA5662764	TEAGASC	ERP115482
ERR3340790	CS_5	Cheese	Ireland	PRJEB32768	SAMEA5662722	TEAGASC	ERP115482
ERR3340791	CS_50	Cheese	Ireland	PRJEB32768	SAMEA5662765	TEAGASC	ERP115482
ERR3340792	CS_51	Cheese	Ireland	PRJEB32768	SAMEA5662766	TEAGASC	ERP115482
ERR3340793	CS_52	Cheese	Ireland	PRJEB32768	SAMEA5662767	TEAGASC	ERP115482
ERR3340794	CS_53	Cheese	Ireland	PRJEB32768	SAMEA5662768	TEAGASC	ERP115482
ERR3340795	CS_54	Cheese	Ireland	PRJEB32768	SAMEA5662769	TEAGASC	ERP115482
ERR3340796	CS_55	Cheese	Ireland	PRJEB32768	SAMEA5662770	TEAGASC	ERP115482
ERR3340797	CS_6	Cheese	Ireland	PRJEB32768	SAMEA5662723	TEAGASC	ERP115482
ERR3340798	CS_7	Cheese	Ireland	PRJEB32768	SAMEA5662724	TEAGASC	ERP115482
ERR3340799	CS_8	Cheese	Ireland	PRJEB32768	SAMEA5662725	TEAGASC	ERP115482
ERR3340800	CS_9	Cheese	Ireland	PRJEB32768	SAMEA5662726	TEAGASC	ERP115482
ERR3340801	CS_R15	Cheese	Ireland	PRJEB32768	SAMEA5662771	TEAGASC	ERP115482
ERR3340802	CS_R16	Cheese	Ireland	PRJEB32768	SAMEA5662727	TEAGASC	ERP115482
ERR3340803	CS_R17	Cheese	Ireland	PRJEB32768	SAMEA5662728	TEAGASC	ERP115482
ERR3340804	CS_R2	Cheese	Ireland	PRJEB32768	SAMEA5662729	TEAGASC	ERP115482
ERR3340805	CS_R28	Cheese	Ireland	PRJEB32768	SAMEA5662754	TEAGASC	ERP115482
ERR3340806	CS_R30	Cheese	Ireland	PRJEB32768	SAMEA5662730	TEAGASC	ERP115482
ERR3340807	CS_R32	Cheese	Ireland	PRJEB32768	SAMEA5662755	TEAGASC	ERP115482
ERR3340808	CS_R33	Cheese	Ireland	PRJEB32768	SAMEA5662756	TEAGASC	ERP115482
ERR3340809	CS_R36	Cheese	Ireland	PRJEB32768	SAMEA5662731	TEAGASC	ERP115482
ERR3340810	CS_R4	Cheese	Ireland	PRJEB32768	SAMEA5662757	TEAGASC	ERP115482
ERR3340811	CS_R41	Cheese	Ireland	PRJEB32768	SAMEA5662758	TEAGASC	ERP115482
ERR3340812	CS_R42	Cheese	Ireland	PRJEB32768	SAMEA5662732	TEAGASC	ERP115482
ERR3340813	CS_R44	Cheese	Ireland	PRJEB32768	SAMEA5662759	TEAGASC	ERP115482
ERR3340814	CS_R45	Cheese	Ireland	PRJEB32768	SAMEA5662760	TEAGASC	ERP115482
ERR3340815	CS_R46	Cheese	Ireland	PRJEB32768	SAMEA5662772	TEAGASC	ERP115482
ERR3340816	CS_R47	Cheese	Ireland	PRJEB32768	SAMEA5662773	TEAGASC	ERP115482
ERR3340817	CS_R48	Cheese	Ireland	PRJEB32768	SAMEA5662774	TEAGASC	ERP115482
ERR3340818	CS_R49	Cheese	Ireland	PRJEB32768	SAMEA5662775	TEAGASC	ERP115482
ERR3340819	CS_R52	Cheese	Ireland	PRJEB32768	SAMEA5662776	TEAGASC	ERP115482
ERR3340820	CS_R53	Cheese	Ireland	PRJEB32768	SAMEA5662777	TEAGASC	ERP115482
ERR3340821	CS_R7	Cheese	Ireland	PRJEB32768	SAMEA5662733	TEAGASC	ERP115482
ERR3340822	CS_R9	Cheese	Ireland	PRJEB32768	SAMEA5662734	TEAGASC	ERP115482
ERR3850050	49	Cheese	Ireland	PRJEB35062	SAMEA6503740	TEAGASC FOOD RESEARCH CENTRE	ERP118054
ERR3850051	50	Cheese	Ireland	PRJEB35062	SAMEA6503741	TEAGASC FOOD RESEARCH CENTRE	ERP118054
ERR3850052	57	Cheese	Ireland	PRJEB35062	SAMEA6503742	TEAGASC FOOD RESEARCH CENTRE	ERP118054
ERR3850053	59	Cheese	Ireland	PRJEB35062	SAMEA6503743	TEAGASC FOOD RESEARCH CENTRE	ERP118054
ERR3850054	64	Cheese	Ireland	PRJEB35062	SAMEA6503744	TEAGASC FOOD RESEARCH CENTRE	ERP118054
ERR3850055	65	Cheese	Ireland	PRJEB35062	SAMEA6503745	TEAGASC FOOD RESEARCH CENTRE	ERP118054
ERR3850056	66	Cheese	Ireland	PRJEB35062	SAMEA6503746	TEAGASC FOOD RESEARCH CENTRE	ERP118054
ERR3850057	77	Cheese	Ireland	PRJEB35062	SAMEA6503747	TEAGASC FOOD RESEARCH CENTRE	ERP118054
ERR3850058	78	Cheese	Ireland	PRJEB35062	SAMEA6503748	TEAGASC FOOD RESEARCH CENTRE	ERP118054
ERR3850059	79	Cheese	Ireland	PRJEB35062	SAMEA6503749	TEAGASC FOOD RESEARCH CENTRE	ERP118054
ERR3850060	80	Cheese	Ireland	PRJEB35062	SAMEA6503750	TEAGASC FOOD RESEARCH CENTRE	ERP118054
ERR3850061	81	Cheese	Ireland	PRJEB35062	SAMEA6503751	TEAGASC FOOD RESEARCH CENTRE	ERP118054
ERR3850062	AV1	Cheese	Ireland	PRJEB35062	SAMEA6503752	TEAGASC FOOD RESEARCH CENTRE	ERP118054
ERR3850093	AV14	Cheese	Ireland	PRJEB35062	SAMEA6503783	TEAGASC FOOD RESEARCH CENTRE	ERP118054
ERR3850095	AV17	Cheese	Ireland	PRJEB35062	SAMEA6503785	TEAGASC FOOD RESEARCH CENTRE	ERP118054
ERR3850096	AV2	Cheese	Ireland	PRJEB35062	SAMEA6503786	TEAGASC FOOD RESEARCH CENTRE	ERP118054
ERR3850097	AV31	Cheese	Ireland	PRJEB35062	SAMEA6503787	TEAGASC FOOD RESEARCH CENTRE	ERP118054
ERR3850098	AV35	Cheese	Ireland	PRJEB35062	SAMEA6503788	TEAGASC FOOD RESEARCH CENTRE	ERP118054
ERR3850099	AV36	Cheese	Ireland	PRJEB35062	SAMEA6503789	TEAGASC FOOD RESEARCH CENTRE	ERP118054
ERR3850100	AV37	Cheese	Ireland	PRJEB35062	SAMEA6503790	TEAGASC FOOD RESEARCH CENTRE	ERP118054
ERR3850101	AV39	Cheese	Ireland	PRJEB35062	SAMEA6503791	TEAGASC FOOD RESEARCH CENTRE	ERP118054
ERR3850102	AV40	Cheese	Ireland	PRJEB35062	SAMEA6503792	TEAGASC FOOD RESEARCH CENTRE	ERP118054
ERR3850103	AV41	Cheese	Ireland	PRJEB35062	SAMEA6503793	TEAGASC FOOD RESEARCH CENTRE	ERP118054
ERR3850104	AV43	Cheese	Ireland	PRJEB35062	SAMEA6503794	TEAGASC FOOD RESEARCH CENTRE	ERP118054
ERR3850105	AV45	Cheese	Ireland	PRJEB35062	SAMEA6503795	TEAGASC FOOD RESEARCH CENTRE	ERP118054
ERR3850106	AV48	Cheese	Ireland	PRJEB35062	SAMEA6503796	TEAGASC FOOD RESEARCH CENTRE	ERP118054
ERR3850107	AV49	Cheese	Ireland	PRJEB35062	SAMEA6503797	TEAGASC FOOD RESEARCH CENTRE	ERP118054
ERR3850108	AV53	Cheese	Ireland	PRJEB35062	SAMEA6503798	TEAGASC FOOD RESEARCH CENTRE	ERP118054
ERR3850109	AV54	Cheese	Ireland	PRJEB35062	SAMEA6503799	TEAGASC FOOD RESEARCH CENTRE	ERP118054
ERR3850110	AV55	Cheese	Ireland	PRJEB35062	SAMEA6503800	TEAGASC FOOD RESEARCH CENTRE	ERP118054
SRR11605259	yogurt 9	Yogurt	Italy	PRJNA603575	SAMN14677892	UNIVERSITY OF NAPLES FEDERICO II	SRP258112
SRR11605260	yogurt 8	Yogurt	Italy	PRJNA603575	SAMN14677891	UNIVERSITY OF NAPLES FEDERICO II	SRP258112
SRR11605261	yogurt 7	Yogurt	Italy	PRJNA603575	SAMN14677890	UNIVERSITY OF NAPLES FEDERICO II	SRP258112
SRR11605264	yogurt 6	Yogurt	Italy	PRJNA603575	SAMN14677889	UNIVERSITY OF NAPLES FEDERICO II	SRP258112
SRR11605265	yogurt 5	Yogurt	Italy	PRJNA603575	SAMN14677888	UNIVERSITY OF NAPLES FEDERICO II	SRP258112
SRR11605266	yogurt 4	Yogurt	Italy	PRJNA603575	SAMN14677887	UNIVERSITY OF NAPLES FEDERICO II	SRP258112
SRR11605267	yogurt 3	Yogurt	Italy	PRJNA603575	SAMN14677886	UNIVERSITY OF NAPLES FEDERICO II	SRP258112
SRR11605268	yogurt 2	Yogurt	Italy	PRJNA603575	SAMN14677885	UNIVERSITY OF NAPLES FEDERICO II	SRP258112
SRR11605269	yogurt 1	Yogurt	Italy	PRJNA603575	SAMN14677884	UNIVERSITY OF NAPLES FEDERICO II	SRP258112
SRR11605272	yogurt 12	Yogurt	Italy	PRJNA603575	SAMN14677895	UNIVERSITY OF NAPLES FEDERICO II	SRP258112
SRR11605273	yogurt 11	Yogurt	Italy	PRJNA603575	SAMN14677894	UNIVERSITY OF NAPLES FEDERICO II	SRP258112
SRR11605274	yogurt 10	Yogurt	Italy	PRJNA603575	SAMN14677893	UNIVERSITY OF NAPLES FEDERICO II	SRP258112
SRR11704906	F28	Chinese liquor	China	PRJNA630248	SAMN14829238	CHINA AGRICULTURAL UNIVERSITY	SRP260231
SRR11704907	F15	Chinese liquor	China	PRJNA630248	SAMN14829237	CHINA AGRICULTURAL UNIVERSITY	SRP260231
SRR11704908	F7	Chinese liquor	China	PRJNA630248	SAMN14829236	CHINA AGRICULTURAL UNIVERSITY	SRP260231
SRR11704909	F1	Chinese liquor	China	PRJNA630248	SAMN14829235	CHINA AGRICULTURAL UNIVERSITY	SRP260231
SRR2081070	0	Cheese	Mexico	PRJNA286900	SAMN03771674	UNIVERSIDAD NACIONAL AUTONOMA DE MEXICO	SRP059999
SRR7262867	lajiaojiang1	Chilli paste	China	PRJNA473190	SAMN09269773	INSTITUTE OF AGRO-PRODUCTS PROCESSING SCIENCE AND	SRP149765
SRR7262868	lajiaojiang2	Chilli paste	China	PRJNA473190	SAMN09269774	INSTITUTE OF AGRO-PRODUCTS PROCESSING SCIENCE AND	SRP149765
SRR7262871	lajiaojiang3	Chilli paste	China	PRJNA473190	SAMN09269775	INSTITUTE OF AGRO-PRODUCTS PROCESSING SCIENCE AND	SRP149765
SRR7262872	lajiaojiang6	Chilli paste	China	PRJNA473190	SAMN09269778	INSTITUTE OF AGRO-PRODUCTS PROCESSING SCIENCE AND	SRP149765
SRR7262876	lajiaojiang7	Chilli paste	China	PRJNA473190	SAMN09269779	INSTITUTE OF AGRO-PRODUCTS PROCESSING SCIENCE AND	SRP149765
SRR7262877	lajiaojiang5	Chilli paste	China	PRJNA473190	SAMN09269777	INSTITUTE OF AGRO-PRODUCTS PROCESSING SCIENCE AND	SRP149765
SRR7262878	lajiaojiang4	Chilli paste	China	PRJNA473190	SAMN09269776	INSTITUTE OF AGRO-PRODUCTS PROCESSING SCIENCE AND	SRP149765
SRR8731938	B4	Koumiss	China	PRJNA527179	SAMN11130137	INNER MONGOLIA AGRICULTURAL UNIVERSITY	SRP188491
SRR8731939	B3	Koumiss	China	PRJNA527179	SAMN11130136	INNER MONGOLIA AGRICULTURAL UNIVERSITY	SRP188491
SRR8731940	B2	Koumiss	China	PRJNA527179	SAMN11130135	INNER MONGOLIA AGRICULTURAL UNIVERSITY	SRP188491
SRR8731941	B1	Koumiss	China	PRJNA527179	SAMN11130134	INNER MONGOLIA AGRICULTURAL UNIVERSITY	SRP188491
SRR8731942	B7	Koumiss	China	PRJNA527179	SAMN11130139	INNER MONGOLIA AGRICULTURAL UNIVERSITY	SRP188491
SRR8731943	B5	Koumiss	China	PRJNA527179	SAMN11130138	INNER MONGOLIA AGRICULTURAL UNIVERSITY	SRP188491
SRR8830666	MA	Bean paste	India	PRJNA529966	SAMN11289617	CENTER OF INNOVATIVE AND APPLIED BIOPROCESSING (CIAB)	SRP190006
SRR8830667	JJ	Bean paste	India	PRJNA529966	SAMN11289618	CENTER OF INNOVATIVE AND APPLIED BIOPROCESSING (CIAB)	SRP190006
SRR8830668	SO	Bean paste	India	PRJNA529966	SAMN11289615	CENTER OF INNOVATIVE AND APPLIED BIOPROCESSING (CIAB)	SRP190006
SRR8830669	DJ	Bean paste	India	PRJNA529966	SAMN11289616	CENTER OF INNOVATIVE AND APPLIED BIOPROCESSING (CIAB)	SRP190006
SRR9701327	L-M2	Sourdough	China	PRJNA554763	SAMN12283268	HARBIN UNIVERSITY OF COMMERCE	SRP215175
SRR9701328	L-M2	Sourdough	China	PRJNA554763	SAMN12283300	HARBIN UNIVERSITY OF COMMERCE	SRP215175
ERR1981166	Nunu10	Nunu	Ghana	PRJEB20873	SAMEA104075947	TEAGASC	ERP023064
ERR1981167	Nunu9	Nunu	Ghana	PRJEB20873	SAMEA104075946	TEAGASC	ERP023064
ERR1981168	Nunu8	Nunu	Ghana	PRJEB20873	SAMEA104075945	TEAGASC	ERP023064
ERR1981169	Nunu7	Nunu	Ghana	PRJEB20873	SAMEA104075944	TEAGASC	ERP023064
ERR1981170	Nunu6	Nunu	Ghana	PRJEB20873	SAMEA104075943	TEAGASC	ERP023064
ERR1981171	Nunu5	Nunu	Ghana	PRJEB20873	SAMEA104075942	TEAGASC	ERP023064
ERR1981172	Nunu4	Nunu	Ghana	PRJEB20873	SAMEA104075941	TEAGASC	ERP023064
ERR1981173	Nunu3	Nunu	Ghana	PRJEB20873	SAMEA104075940	TEAGASC	ERP023064
ERR1981174	Nunu2	Nunu	Ghana	PRJEB20873	SAMEA104075939	TEAGASC	ERP023064
ERR1981175	Nunu1	Nunu	Ghana	PRJEB20873	SAMEA104075938	TEAGASC	ERP023064
ERR2014805	Nunu10	Nunu	Ghana	PRJEB20873	SAMEA104075947	TEAGASC	ERP023064
ERR2014806	Nunu9	Nunu	Ghana	PRJEB20873	SAMEA104075946	TEAGASC	ERP023064
ERR2014807	Nunu8	Nunu	Ghana	PRJEB20873	SAMEA104075945	TEAGASC	ERP023064
ERR2014808	Nunu7	Nunu	Ghana	PRJEB20873	SAMEA104075944	TEAGASC	ERP023064
ERR2014809	Nunu6	Nunu	Ghana	PRJEB20873	SAMEA104075943	TEAGASC	ERP023064
ERR2014810	Nunu5	Nunu	Ghana	PRJEB20873	SAMEA104075942	TEAGASC	ERP023064
ERR2014811	Nunu4	Nunu	Ghana	PRJEB20873	SAMEA104075941	TEAGASC	ERP023064
ERR2014812	Nunu3	Nunu	Ghana	PRJEB20873	SAMEA104075940	TEAGASC	ERP023064
ERR2014813	Nunu2	Nunu	Ghana	PRJEB20873	SAMEA104075939	TEAGASC	ERP023064
ERR2014814	Nunu1	Nunu	Ghana	PRJEB20873	SAMEA104075938	TEAGASC	ERP023064
ERR2212303	D1	Cheese	Ireland	PRJEB15423	SAMEA104414183	TEAGASC	ERP017154
ERR2212304	D2	Cheese	Ireland	PRJEB15423	SAMEA104414184	TEAGASC	ERP017154
ERR2212305	D3	Cheese	Ireland	PRJEB15423	SAMEA104414185	TEAGASC	ERP017154
ERR2212306	S1	Cheese	Ireland	PRJEB15423	SAMEA104414186	TEAGASC	ERP017154
ERR2212307	S2	Cheese	Ireland	PRJEB15423	SAMEA104414187	TEAGASC	ERP017154
ERR2212308	S3	Cheese	Ireland	PRJEB15423	SAMEA104414188	TEAGASC	ERP017154
ERR1653129	Shotgun: UK3\, 8 hours	Milk kefir	United Kingdom	PRJEB15432	SAMEA4443186	TEAGASC	ERP017163
ERR1653130	Shotgun: Fr1\, 24 hours Day 2	Milk kefir	France	PRJEB15432	SAMEA4443187	TEAGASC	ERP017163
ERR1653131	Shotgun: Ick\, 24 hours Day 2	Milk kefir	Ireland	PRJEB15432	SAMEA4443188	TEAGASC	ERP017163
ERR1653132	Shotgun: UK3\, 24 hours Day 2	Milk kefir	United Kingdom	PRJEB15432	SAMEA4443189	TEAGASC	ERP017163
ERR1653133	Shotgun: 0 hours\, Day 3	Milk kefir	Ireland	PRJEB15432	SAMEA4443190	TEAGASC	ERP017163
ERR1653134	Shotgun: 0 hours\, Day 1	Milk kefir	Ireland	PRJEB15432	SAMEA4443191	TEAGASC	ERP017163
ERR1653135	Shotgun: Fr1\, 24 hours Day 3	Milk kefir	France	PRJEB15432	SAMEA4443192	TEAGASC	ERP017163
ERR1653136	Shotgun: Ick\, 24 hours Day 3	Milk kefir	Ireland	PRJEB15432	SAMEA4443193	TEAGASC	ERP017163
ERR1653137	Shotgun: UK3\, 24 hours Day 3	Milk kefir	United Kingdom	PRJEB15432	SAMEA4443194	TEAGASC	ERP017163
ERR1653138	Shotgun: Fr1\, grain	Milk kefir	France	PRJEB15432	SAMEA4443195	TEAGASC	ERP017163
ERR1653139	Shotgun: Ick (grain)	Milk kefir	Ireland	PRJEB15432	SAMEA4443196	TEAGASC	ERP017163
ERR1653140	Shotgun: UK3 (grain)	Milk kefir	United Kingdom	PRJEB15432	SAMEA4443197	TEAGASC	ERP017163
ERR1653141	Shotgun: Fr1\, 24 hours\, Day 1	Milk kefir	France	PRJEB15432	SAMEA4443198	TEAGASC	ERP017163
ERR1653142	Shotgun: Ick\, 24 hours Day 1	Milk kefir	Ireland	PRJEB15432	SAMEA4443199	TEAGASC	ERP017163
ERR1653143	Shotgun: UK3\, 24 hours Day 1	Milk kefir	United Kingdom	PRJEB15432	SAMEA4443200	TEAGASC	ERP017163
ERR1653144	Shotgun: 0 hours\, Day 2	Milk kefir	Ireland	PRJEB15432	SAMEA4443201	TEAGASC	ERP017163
ERR1653145	Shotgun: Fr1\, 8 hours	Milk kefir	France	PRJEB15432	SAMEA4443202	TEAGASC	ERP017163
ERR1653146	Shotgun: Ick\, 8 hours	Milk kefir	Ireland	PRJEB15432	SAMEA4443203	TEAGASC	ERP017163
ERR2119683	miseq_i24hd5	Milk kefir	Ireland	PRJEB22610	SAMEA104293476	TEAGASC	ERP104300
ERR2119686	miseq_u24hd4	Milk kefir	Ireland	PRJEB22610	SAMEA104293479	TEAGASC	ERP104300
ERR2119687	miseq_u24hd5	Milk kefir	Ireland	PRJEB22610	SAMEA104293480	TEAGASC	ERP104300
ERR2119688	miseq_u24hd6	Milk kefir	Ireland	PRJEB22610	SAMEA104293481	TEAGASC	ERP104300
ERR2231567	unspecified	Coffee 	Ecuador	PRJEB24129	SAMEA104450356	VRIJE UNIVERSITEIT BRUSSEL	ERP105934
ERR2231568	unspecified	Coffee 	Ecuador	PRJEB24129	SAMEA104450357	VRIJE UNIVERSITEIT BRUSSEL	ERP105934
ERR2231569	unspecified	Coffee 	Ecuador	PRJEB24129	SAMEA104450358	VRIJE UNIVERSITEIT BRUSSEL	ERP105934
ERR2231570	unspecified	Coffee 	Ecuador	PRJEB24129	SAMEA104450359	VRIJE UNIVERSITEIT BRUSSEL	ERP105934
ERR2231571	unspecified	Coffee 	Ecuador	PRJEB24129	SAMEA104450360	VRIJE UNIVERSITEIT BRUSSEL	ERP105934
ERR2231572	unspecified	Coffee 	Ecuador	PRJEB24129	SAMEA104450361	VRIJE UNIVERSITEIT BRUSSEL	ERP105934
ERR2982980	Yoghurt-A	Yogurt	Ireland	PRJEB30083	SAMEA5147698	TEAGASC	ERP112494
ERR2982981	Yoghurt-B	Yogurt	Ireland	PRJEB30083	SAMEA5147699	TEAGASC	ERP112494
ERR2982982	Yoghurt-C	Yogurt	Ireland	PRJEB30083	SAMEA5147700	TEAGASC	ERP112494
ERR2982983	Yoghurt-D	Yogurt	Ireland	PRJEB30083	SAMEA5147701	TEAGASC	ERP112494
ERR2982984	Yoghurt-E	Yogurt	Ireland	PRJEB30083	SAMEA5147702	TEAGASC	ERP112494
SRR11362479	ganjang_metagenome_180	Soy sauce	Korean	PRJNA613738	SAMN14419043	CHUNG-ANG UNIVIERSITY	SRP253535
SRR11362480	ganjang_metagenome_90	Soy sauce	Korean	PRJNA613738	SAMN14419043	CHUNG-ANG UNIVIERSITY	SRP253535
SRR11362481	ganjang_metagenome_60	Soy sauce	Korean	PRJNA613738	SAMN14419043	CHUNG-ANG UNIVIERSITY	SRP253535
SRR11362492	ganjang_metagenom_40	Soy sauce	Korean	PRJNA613738	SAMN14419043	CHUNG-ANG UNIVIERSITY	SRP253535
SRR11362493	ganjang_metagenome_20	Soy sauce	Korean	PRJNA613738	SAMN14419043	CHUNG-ANG UNIVIERSITY	SRP253535
SRR256747	J1	Kimchi	Korean	PRJNA50815	SAMN00623069	DEPARTMENT OF LIFE SCIENCE, CHUNG-ANG UNIVERSITY	SRP003198
SRR256748	J7	Kimchi	Korean	PRJNA50815	SAMN00623070	DEPARTMENT OF LIFE SCIENCE, CHUNG-ANG UNIVERSITY	SRP003198
SRR256749	J13	Kimchi	Korean	PRJNA50815	SAMN00623071	DEPARTMENT OF LIFE SCIENCE, CHUNG-ANG UNIVERSITY	SRP003198
SRR256750	J16	Kimchi	Korean	PRJNA50815	SAMN00623072	DEPARTMENT OF LIFE SCIENCE, CHUNG-ANG UNIVERSITY	SRP003198
SRR256751	J18	Kimchi	Korean	PRJNA50815	SAMN00623073	DEPARTMENT OF LIFE SCIENCE, CHUNG-ANG UNIVERSITY	SRP003198
SRR256752	J21	Kimchi	Korean	PRJNA50815	SAMN00623074	DEPARTMENT OF LIFE SCIENCE, CHUNG-ANG UNIVERSITY	SRP003198
SRR256753	J23	Kimchi	Korean	PRJNA50815	SAMN00623075	DEPARTMENT OF LIFE SCIENCE, CHUNG-ANG UNIVERSITY	SRP003198
SRR256754	J25	Kimchi	Korean	PRJNA50815	SAMN00623076	DEPARTMENT OF LIFE SCIENCE, CHUNG-ANG UNIVERSITY	SRP003198
SRR256755	J27	Kimchi	Korean	PRJNA50815	SAMN00623077	DEPARTMENT OF LIFE SCIENCE, CHUNG-ANG UNIVERSITY	SRP003198
SRR256756	J29	Kimchi	Korean	PRJNA50815	SAMN00623078	DEPARTMENT OF LIFE SCIENCE, CHUNG-ANG UNIVERSITY	SRP003198
SRR442026	unknow1	Cocoa	Belgium	PRJNA83439	SAMN00809386	VRIJE UNIVERSITEIT BRUSSEL	SRP010819
SRR442027	unknow2	Cocoa	Belgium	PRJNA83439	SAMN00809386	VRIJE UNIVERSITEIT BRUSSEL	SRP010819
ERR2102261	AP10	Kombucha	Turkey 	PRJEB22200	SAMEA104222288	ISTANBUL UNIVERSITY	ERP024546
ERR2126384	AP15	Kombucha	Turkey 	PRJEB22200	SAMEA104307662	ISTANBUL UNIVERSITY	ERP024546
ERR2133080	BP10	Kombucha	Turkey 	PRJEB22200	SAMEA104312991	ISTANBUL UNIVERSITY	ERP024546
ERR2135449	AP3	Kombucha	Turkey 	PRJEB22200	SAMEA104314608	ISTANBUL UNIVERSITY	ERP024546
ERR2135457	BS15	Kombucha	Turkey 	PRJEB22200	SAMEA104314616	ISTANBUL UNIVERSITY	ERP024546
ERR2135518	AS3	Kombucha	Turkey 	PRJEB22200	SAMEA104314677	ISTANBUL UNIVERSITY	ERP024546
ERR2135519	AS10	Kombucha	Turkey 	PRJEB22200	SAMEA104314678	ISTANBUL UNIVERSITY	ERP024546
ERR2401479	BP3	Kombucha	Turkey 	PRJEB22200	SAMEA104312846	ISTANBUL UNIVERSITY	ERP024546
ERR2401480	BP10	Kombucha	Turkey 	PRJEB22200	SAMEA104312991	ISTANBUL UNIVERSITY	ERP024546
ERR2401481	BP15	Kombucha	Turkey 	PRJEB22200	SAMEA104314602	ISTANBUL UNIVERSITY	ERP024546
ERR2401482	BS3	Kombucha	Turkey 	PRJEB22200	SAMEA104314615	ISTANBUL UNIVERSITY	ERP024546
ERR2437613	BS10	Kombucha	Turkey 	PRJEB22200	SAMEA104216920	ISTANBUL UNIVERSITY	ERP024546
ERR2437614	AS15	Kombucha	Turkey 	PRJEB22200	SAMEA104314679	ISTANBUL UNIVERSITY	ERP024546
