Sample id,Sample id,Food fermentation type,Sampling site (country),Samplig site (continent ),Library Layout,Model,Bases,BioProject,BioSample,Center Name,Experiment,Sample Name,SRA Study
ERR1869526,D4,Bean paste,Korean,Asia,Paired,Illumina HiSeq 2500,8286576916,PRJEB19846,SAMEA103891070,KOREA FOOD RESEARCH INSTITUTE,ERX1930049,SAMEA103891070,ERP021911
ERR1869527,D9,Bean paste,Korean,Asia,Paired,Illumina HiSeq 2500,9594070396,PRJEB19846,SAMEA103891071,KOREA FOOD RESEARCH INSTITUTE,ERX1930050,SAMEA103891071,ERP021911
ERR1869528,D13,Bean paste,Korean,Asia,Paired,Illumina HiSeq 2500,8301203736,PRJEB19846,SAMEA103891072,KOREA FOOD RESEARCH INSTITUTE,ERX1930051,SAMEA103891072,ERP021911
ERR1869529,D15,Bean paste,Korean,Asia,Paired,Illumina HiSeq 2500,7305545736,PRJEB19846,SAMEA103891073,KOREA FOOD RESEARCH INSTITUTE,ERX1930052,SAMEA103891073,ERP021911
ERR1869530,D16,Bean paste,Korean,Asia,Paired,Illumina HiSeq 2500,7693396038,PRJEB19846,SAMEA103891074,KOREA FOOD RESEARCH INSTITUTE,ERX1930053,SAMEA103891074,ERP021911
ERR2298550,K1-2,Kimchi,Korean,Asia,Paired,Illumina HiSeq 4000,1017312804,PRJEB23957,SAMEA104430799,KYUNG HEE UNIV.,ERX2349923,SAMEA104430799,ERP105740
ERR2298551,K1-3,Kimchi,Korean,Asia,Paired,Illumina HiSeq 4000,1636477952,PRJEB23957,SAMEA104430800,KYUNG HEE UNIV.,ERX2349924,SAMEA104430800,ERP105740
ERR2298552,K2-1,Kimchi,Korean,Asia,Paired,Illumina HiSeq 4000,981560824,PRJEB23957,SAMEA104430801,KYUNG HEE UNIV.,ERX2349925,SAMEA104430801,ERP105740
ERR2298553,K2-2,Kimchi,Korean,Asia,Paired,Illumina HiSeq 4000,1001445906,PRJEB23957,SAMEA104430802,KYUNG HEE UNIV.,ERX2349926,SAMEA104430802,ERP105740
ERR2298554,K2-3,Kimchi,Korean,Asia,Paired,Illumina HiSeq 4000,1074486884,PRJEB23957,SAMEA104430803,KYUNG HEE UNIV.,ERX2349927,SAMEA104430803,ERP105740
ERR2298555,K3-1,Kimchi,Korean,Asia,Paired,Illumina HiSeq 4000,1022875278,PRJEB23957,SAMEA104430804,KYUNG HEE UNIV.,ERX2349928,SAMEA104430804,ERP105740
ERR2298556,K3-2,Kimchi,Korean,Asia,Paired,Illumina HiSeq 4000,1221896182,PRJEB23957,SAMEA104430805,KYUNG HEE UNIV.,ERX2349929,SAMEA104430805,ERP105740
ERR2298557,K3-3,Kimchi,Korean,Asia,Paired,Illumina HiSeq 4000,1301357932,PRJEB23957,SAMEA104430806,KYUNG HEE UNIV.,ERX2349930,SAMEA104430806,ERP105740
ERR2298558,K4-1,Kimchi,Korean,Asia,Paired,Illumina HiSeq 4000,1182029664,PRJEB23957,SAMEA104430807,KYUNG HEE UNIV.,ERX2349931,SAMEA104430807,ERP105740
ERR2298559,K4-2,Kimchi,Korean,Asia,Paired,Illumina HiSeq 4000,1137283028,PRJEB23957,SAMEA104430808,KYUNG HEE UNIV.,ERX2349932,SAMEA104430808,ERP105740
ERR2298560,K4-3,Kimchi,Korean,Asia,Paired,Illumina HiSeq 4000,1245010436,PRJEB23957,SAMEA104430809,KYUNG HEE UNIV.,ERX2349933,SAMEA104430809,ERP105740
ERR2298561,K5-1,Kimchi,Korean,Asia,Paired,Illumina HiSeq 4000,1065498894,PRJEB23957,SAMEA104430810,KYUNG HEE UNIV.,ERX2349934,SAMEA104430810,ERP105740
ERR2298562,K5-2,Kimchi,Korean,Asia,Paired,Illumina HiSeq 4000,1024156968,PRJEB23957,SAMEA104430811,KYUNG HEE UNIV.,ERX2349935,SAMEA104430811,ERP105740
ERR2298563,K5-3,Kimchi,Korean,Asia,Paired,Illumina HiSeq 4000,1543567648,PRJEB23957,SAMEA104430812,KYUNG HEE UNIV.,ERX2349936,SAMEA104430812,ERP105740
ERR2298564,K6-1,Kimchi,Korean,Asia,Paired,Illumina HiSeq 4000,977640812,PRJEB23957,SAMEA104430813,KYUNG HEE UNIV.,ERX2349937,SAMEA104430813,ERP105740
ERR2298565,K6-2,Kimchi,Korean,Asia,Paired,Illumina HiSeq 4000,1290757982,PRJEB23957,SAMEA104430814,KYUNG HEE UNIV.,ERX2349938,SAMEA104430814,ERP105740
ERR2298566,K6-3,Kimchi,Korean,Asia,Paired,Illumina HiSeq 4000,1053727142,PRJEB23957,SAMEA104430815,KYUNG HEE UNIV.,ERX2349939,SAMEA104430815,ERP105740
ERR2298567,K7-1,Kimchi,Korean,Asia,Paired,Illumina HiSeq 4000,1071914818,PRJEB23957,SAMEA104430816,KYUNG HEE UNIV.,ERX2349940,SAMEA104430816,ERP105740
ERR2298568,K7-2,Kimchi,Korean,Asia,Paired,Illumina HiSeq 4000,1450646638,PRJEB23957,SAMEA104430817,KYUNG HEE UNIV.,ERX2349941,SAMEA104430817,ERP105740
ERR2298569,K7-3,Kimchi,Korean,Asia,Paired,Illumina HiSeq 4000,1552175272,PRJEB23957,SAMEA104430818,KYUNG HEE UNIV.,ERX2349942,SAMEA104430818,ERP105740
ERR2298570,K8-1,Kimchi,Korean,Asia,Paired,Illumina HiSeq 4000,1130977598,PRJEB23957,SAMEA104430819,KYUNG HEE UNIV.,ERX2349943,SAMEA104430819,ERP105740
ERR2298571,K8-2,Kimchi,Korean,Asia,Paired,Illumina HiSeq 4000,1188529822,PRJEB23957,SAMEA104430820,KYUNG HEE UNIV.,ERX2349944,SAMEA104430820,ERP105740
ERR2298572,K8-3,Kimchi,Korean,Asia,Paired,Illumina HiSeq 4000,1275728980,PRJEB23957,SAMEA104430821,KYUNG HEE UNIV.,ERX2349945,SAMEA104430821,ERP105740
ERR2298573,K9-1,Kimchi,Korean,Asia,Paired,Illumina HiSeq 4000,1093795862,PRJEB23957,SAMEA104430822,KYUNG HEE UNIV.,ERX2349946,SAMEA104430822,ERP105740
ERR2298574,K9-2,Kimchi,Korean,Asia,Paired,Illumina HiSeq 4000,1414057166,PRJEB23957,SAMEA104430823,KYUNG HEE UNIV.,ERX2349947,SAMEA104430823,ERP105740
ERR2298575,K9-3,Kimchi,Korean,Asia,Paired,Illumina HiSeq 4000,1146183552,PRJEB23957,SAMEA104430824,KYUNG HEE UNIV.,ERX2349948,SAMEA104430824,ERP105740
ERR2298576,K10-1,Kimchi,Korean,Asia,Paired,Illumina HiSeq 4000,977496382,PRJEB23957,SAMEA104430825,KYUNG HEE UNIV.,ERX2349949,SAMEA104430825,ERP105740
ERR2298577,K10-2,Kimchi,Korean,Asia,Paired,Illumina HiSeq 4000,1344958016,PRJEB23957,SAMEA104430826,KYUNG HEE UNIV.,ERX2349950,SAMEA104430826,ERP105740
ERR2298578,K10-3,Kimchi,Korean,Asia,Paired,Illumina HiSeq 4000,1044872270,PRJEB23957,SAMEA104430827,KYUNG HEE UNIV.,ERX2349951,SAMEA104430827,ERP105740
ERR2298579,C1-1,Kimchi,China,Asia,Paired,Illumina HiSeq 4000,785199856,PRJEB23957,SAMEA104430828,KYUNG HEE UNIV.,ERX2349952,SAMEA104430828,ERP105740
ERR2298580,C1-2,Kimchi,China,Asia,Paired,Illumina HiSeq 4000,1346492408,PRJEB23957,SAMEA104430829,KYUNG HEE UNIV.,ERX2349953,SAMEA104430829,ERP105740
ERR2298581,C1-3,Kimchi,China,Asia,Paired,Illumina HiSeq 4000,1068859568,PRJEB23957,SAMEA104430830,KYUNG HEE UNIV.,ERX2349954,SAMEA104430830,ERP105740
ERR2298582,C2-1,Kimchi,China,Asia,Paired,Illumina HiSeq 4000,708604890,PRJEB23957,SAMEA104430831,KYUNG HEE UNIV.,ERX2349955,SAMEA104430831,ERP105740
ERR2298583,C2-2,Kimchi,China,Asia,Paired,Illumina HiSeq 4000,1061187608,PRJEB23957,SAMEA104430832,KYUNG HEE UNIV.,ERX2349956,SAMEA104430832,ERP105740
ERR2298584,C2-3,Kimchi,China,Asia,Paired,Illumina HiSeq 4000,1299566192,PRJEB23957,SAMEA104430833,KYUNG HEE UNIV.,ERX2349957,SAMEA104430833,ERP105740
ERR2298585,C3-1,Kimchi,China,Asia,Paired,Illumina HiSeq 4000,836154558,PRJEB23957,SAMEA104430834,KYUNG HEE UNIV.,ERX2349958,SAMEA104430834,ERP105740
ERR2298586,C3-2,Kimchi,China,Asia,Paired,Illumina HiSeq 4000,1254160834,PRJEB23957,SAMEA104430835,KYUNG HEE UNIV.,ERX2349959,SAMEA104430835,ERP105740
ERR2298587,C3-3,Kimchi,China,Asia,Paired,Illumina HiSeq 4000,1091337724,PRJEB23957,SAMEA104430836,KYUNG HEE UNIV.,ERX2349960,SAMEA104430836,ERP105740
ERR2298588,C4-1,Kimchi,China,Asia,Paired,Illumina HiSeq 4000,970465166,PRJEB23957,SAMEA104430837,KYUNG HEE UNIV.,ERX2349961,SAMEA104430837,ERP105740
ERR2298589,C4-2,Kimchi,China,Asia,Paired,Illumina HiSeq 4000,1284695962,PRJEB23957,SAMEA104430838,KYUNG HEE UNIV.,ERX2349962,SAMEA104430838,ERP105740
ERR2298590,C4-3,Kimchi,China,Asia,Paired,Illumina HiSeq 4000,1099520138,PRJEB23957,SAMEA104430839,KYUNG HEE UNIV.,ERX2349963,SAMEA104430839,ERP105740
ERR2298591,C5-1,Kimchi,China,Asia,Paired,Illumina HiSeq 4000,1185457604,PRJEB23957,SAMEA104430840,KYUNG HEE UNIV.,ERX2349964,SAMEA104430840,ERP105740
ERR2298592,C5-2,Kimchi,China,Asia,Paired,Illumina HiSeq 4000,1203515596,PRJEB23957,SAMEA104430841,KYUNG HEE UNIV.,ERX2349965,SAMEA104430841,ERP105740
ERR2298593,C5-3,Kimchi,China,Asia,Paired,Illumina HiSeq 4000,1035912156,PRJEB23957,SAMEA104430842,KYUNG HEE UNIV.,ERX2349966,SAMEA104430842,ERP105740
ERR2298594,C6-1,Kimchi,China,Asia,Paired,Illumina HiSeq 4000,1270992888,PRJEB23957,SAMEA104430843,KYUNG HEE UNIV.,ERX2349967,SAMEA104430843,ERP105740
ERR2298595,C6-2,Kimchi,China,Asia,Paired,Illumina HiSeq 4000,1062002880,PRJEB23957,SAMEA104430844,KYUNG HEE UNIV.,ERX2349968,SAMEA104430844,ERP105740
ERR2298596,C6-3,Kimchi,China,Asia,Paired,Illumina HiSeq 4000,1104808700,PRJEB23957,SAMEA104430845,KYUNG HEE UNIV.,ERX2349969,SAMEA104430845,ERP105740
ERR2298597,C7-1,Kimchi,China,Asia,Paired,Illumina HiSeq 4000,1480752718,PRJEB23957,SAMEA104430846,KYUNG HEE UNIV.,ERX2349970,SAMEA104430846,ERP105740
ERR2298598,C7-2,Kimchi,China,Asia,Paired,Illumina HiSeq 4000,1094610124,PRJEB23957,SAMEA104430847,KYUNG HEE UNIV.,ERX2349971,SAMEA104430847,ERP105740
ERR2298599,C7-3,Kimchi,China,Asia,Paired,Illumina HiSeq 4000,1068281040,PRJEB23957,SAMEA104430848,KYUNG HEE UNIV.,ERX2349972,SAMEA104430848,ERP105740
ERR2298600,C8-1,Kimchi,China,Asia,Paired,Illumina HiSeq 4000,1107214520,PRJEB23957,SAMEA104430849,KYUNG HEE UNIV.,ERX2349973,SAMEA104430849,ERP105740
ERR2298601,C8-2,Kimchi,China,Asia,Paired,Illumina HiSeq 4000,1059068830,PRJEB23957,SAMEA104430850,KYUNG HEE UNIV.,ERX2349974,SAMEA104430850,ERP105740
ERR2298602,C8-3,Kimchi,China,Asia,Paired,Illumina HiSeq 4000,850205476,PRJEB23957,SAMEA104430851,KYUNG HEE UNIV.,ERX2349975,SAMEA104430851,ERP105740
ERR2298603,C9-1,Kimchi,China,Asia,Paired,Illumina HiSeq 4000,1200325410,PRJEB23957,SAMEA104430852,KYUNG HEE UNIV.,ERX2349976,SAMEA104430852,ERP105740
ERR2298604,C9-2,Kimchi,China,Asia,Paired,Illumina HiSeq 4000,1205369350,PRJEB23957,SAMEA104430853,KYUNG HEE UNIV.,ERX2349977,SAMEA104430853,ERP105740
ERR2298605,C9-3,Kimchi,China,Asia,Paired,Illumina HiSeq 4000,957168112,PRJEB23957,SAMEA104430854,KYUNG HEE UNIV.,ERX2349978,SAMEA104430854,ERP105740
ERR2298606,C10-1,Kimchi,China,Asia,Paired,Illumina HiSeq 4000,1374122978,PRJEB23957,SAMEA104430855,KYUNG HEE UNIV.,ERX2349979,SAMEA104430855,ERP105740
ERR2298607,C10-2,Kimchi,China,Asia,Paired,Illumina HiSeq 4000,1076369120,PRJEB23957,SAMEA104430856,KYUNG HEE UNIV.,ERX2349980,SAMEA104430856,ERP105740
ERR2298608,C10-3,Kimchi,China,Asia,Paired,Illumina HiSeq 4000,954424952,PRJEB23957,SAMEA104430857,KYUNG HEE UNIV.,ERX2349981,SAMEA104430857,ERP105740
ERR3094540,W1,Wine,Germany,Europe,Paired,BGISEQ-500,27034160845,PRJEB30801,SAMEA5241073,NATURAL HISTORY MUSEUM OF DENMARK,ERX3155356,SAMEA5241073,ERP113284
ERR3094541,W2,Wine,Germany,Europe,Paired,BGISEQ-500,19323610111,PRJEB30801,SAMEA5241074,NATURAL HISTORY MUSEUM OF DENMARK,ERX3155357,SAMEA5241074,ERP113284
ERR3094542,W3,Wine,Germany,Europe,Paired,BGISEQ-500,26561568845,PRJEB30801,SAMEA5241075,NATURAL HISTORY MUSEUM OF DENMARK,ERX3155358,SAMEA5241075,ERP113284
ERR3094543,W4,Wine,Germany,Europe,Paired,BGISEQ-500,35456327900,PRJEB30801,SAMEA5241076,NATURAL HISTORY MUSEUM OF DENMARK,ERX3155359,SAMEA5241076,ERP113284
ERR3094544,W5,Wine,Germany,Europe,Paired,BGISEQ-500,50049907789,PRJEB30801,SAMEA5241077,NATURAL HISTORY MUSEUM OF DENMARK,ERX3155360,SAMEA5241077,ERP113284
ERR3094545,W6,Wine,Germany,Europe,Paired,BGISEQ-500,31776067462,PRJEB30801,SAMEA5241078,NATURAL HISTORY MUSEUM OF DENMARK,ERX3155361,SAMEA5241078,ERP113284
ERR3094546,W7,Wine,Germany,Europe,Paired,BGISEQ-500,26143858508,PRJEB30801,SAMEA5241079,NATURAL HISTORY MUSEUM OF DENMARK,ERX3155362,SAMEA5241079,ERP113284
ERR3094547,W8,Wine,Germany,Europe,Paired,BGISEQ-500,18945132978,PRJEB30801,SAMEA5241080,NATURAL HISTORY MUSEUM OF DENMARK,ERX3155363,SAMEA5241080,ERP113284
ERR3094548,W9,Wine,Germany,Europe,Paired,BGISEQ-500,28508830903,PRJEB30801,SAMEA5241081,NATURAL HISTORY MUSEUM OF DENMARK,ERX3155364,SAMEA5241081,ERP113284
ERR3094549,W10,Wine,Germany,Europe,Paired,BGISEQ-500,35402710469,PRJEB30801,SAMEA5241082,NATURAL HISTORY MUSEUM OF DENMARK,ERX3155365,SAMEA5241082,ERP113284
ERR752910,pinkcheese_shotgun1,Cheese,Ireland,Europe,Single,Illumina HiSeq 1500,1441645619,PRJEB6952,SAMEA3232870,TEAGASC,ERX696592,SAMEA3232870,ERP006630
ERR752911,pinkcheese_shotgun2,Cheese,Ireland,Europe,Single,Illumina HiSeq 1500,1356799862,PRJEB6952,SAMEA3232871,TEAGASC,ERX696593,SAMEA3232871,ERP006630
ERR752912,pinkcheese_shotgun3,Cheese,Ireland,Europe,Single,Illumina HiSeq 1500,1523983142,PRJEB6952,SAMEA3232872,TEAGASC,ERX696594,SAMEA3232872,ERP006630
ERR752913,pinkcheese_shotgun4,Cheese,Ireland,Europe,Single,Illumina HiSeq 1500,2232587931,PRJEB6952,SAMEA3232873,TEAGASC,ERX696595,SAMEA3232873,ERP006630
ERR752914,pinkcheese_shotgun5,Cheese,Ireland,Europe,Single,Illumina HiSeq 1500,623550063,PRJEB6952,SAMEA3232874,TEAGASC,ERX696596,SAMEA3232874,ERP006630
ERR752915,pinkcheese_shotgun6,Cheese,Ireland,Europe,Single,Illumina HiSeq 1500,2177480917,PRJEB6952,SAMEA3232875,TEAGASC,ERX696597,SAMEA3232875,ERP006630
ERR752916,pinkcheese_shotgun7,Cheese,Ireland,Europe,Single,Illumina HiSeq 1500,1772868756,PRJEB6952,SAMEA3232876,TEAGASC,ERX696598,SAMEA3232876,ERP006630
ERR752917,pinkcheese_shotgun8,Cheese,Ireland,Europe,Single,Illumina HiSeq 1500,1344919434,PRJEB6952,SAMEA3232877,TEAGASC,ERX696599,SAMEA3232877,ERP006630
ERR752918,pinkcheese_shotgun9,Cheese,Ireland,Europe,Single,Illumina HiSeq 1500,1008712149,PRJEB6952,SAMEA3232878,TEAGASC,ERX696600,SAMEA3232878,ERP006630
ERR752919,pinkcheese_shotgun10,Cheese,Ireland,Europe,Single,Illumina HiSeq 1500,5972157068,PRJEB6952,SAMEA3232879,TEAGASC,ERX696601,SAMEA3232879,ERP006630
ERR2119696,i24hd4,Milk kefir,Ireland,Europe,Single,Ion Torrent Proton,2842591363,PRJEB22610,SAMEA104293489,TEAGASC,ERX2176548,SAMEA104293489,ERP104300
ERR2119697,i24hd5,Milk kefir,Ireland,Europe,Single,Ion Torrent Proton,3033591246,PRJEB22610,SAMEA104293490,TEAGASC,ERX2176549,SAMEA104293490,ERP104300
ERR2119698,i24hd6,Milk kefir,Ireland,Europe,Single,Ion Torrent Proton,2277101215,PRJEB22610,SAMEA104293491,TEAGASC,ERX2176550,SAMEA104293491,ERP104300
ERR2119700,u24hd4,Milk kefir,Ireland,Europe,Single,Ion Torrent Proton,1631197578,PRJEB22610,SAMEA104293493,TEAGASC,ERX2176552,SAMEA104293493,ERP104300
ERR2119701,u24hd5,Milk kefir,Ireland,Europe,Single,Ion Torrent Proton,2044943322,PRJEB22610,SAMEA104293494,TEAGASC,ERX2176553,SAMEA104293494,ERP104300
ERR2119702,u24hd6,Milk kefir,Ireland,Europe,Single,Ion Torrent Proton,2017663097,PRJEB22610,SAMEA104293495,TEAGASC,ERX2176554,SAMEA104293495,ERP104300
DRR205701,F1D,Chinese liquor,China,Asia,Paired,Illumina HiSeq 4000,24340170000,PRJDB9193,SAMD00200757,JIANGNAN,DRX196100,SAMD00200757,DRP006123
DRR205702,F2D,Chinese liquor,China,Asia,Paired,Illumina HiSeq 4000,23686903200,PRJDB9193,SAMD00200758,JIANGNAN,DRX196101,SAMD00200758,DRP006123
DRR205703,F3D,Chinese liquor,China,Asia,Paired,Illumina HiSeq 4000,29166025500,PRJDB9193,SAMD00200759,JIANGNAN,DRX196102,SAMD00200759,DRP006123
ERR2212267,CA0,Cheese,Ireland,Europe,Paired,NextSeq 500,2278074715,PRJEB15423,SAMEA104414147,TEAGASC,ERX2266620,SAMEA104414147,ERP017154
ERR2212268,CA15,Cheese,Ireland,Europe,Paired,NextSeq 500,10717933321,PRJEB15423,SAMEA104414148,TEAGASC,ERX2266621,SAMEA104414148,ERP017154
ERR2212269,CA24,Cheese,Ireland,Europe,Paired,NextSeq 500,1644370660,PRJEB15423,SAMEA104414149,TEAGASC,ERX2266622,SAMEA104414149,ERP017154
ERR2212270,CA30,Cheese,Ireland,Europe,Paired,NextSeq 500,1699408453,PRJEB15423,SAMEA104414150,TEAGASC,ERX2266623,SAMEA104414150,ERP017154
ERR2212271,CB0,Cheese,Ireland,Europe,Paired,NextSeq 500,1221174031,PRJEB15423,SAMEA104414151,TEAGASC,ERX2266624,SAMEA104414151,ERP017154
ERR2212272,CB15,Cheese,Ireland,Europe,Paired,NextSeq 500,3179767577,PRJEB15423,SAMEA104414152,TEAGASC,ERX2266625,SAMEA104414152,ERP017154
ERR2212273,CB24,Cheese,Ireland,Europe,Paired,NextSeq 500,2251737250,PRJEB15423,SAMEA104414153,TEAGASC,ERX2266626,SAMEA104414153,ERP017154
ERR2212274,CB30,Cheese,Ireland,Europe,Paired,NextSeq 500,2602172513,PRJEB15423,SAMEA104414154,TEAGASC,ERX2266627,SAMEA104414154,ERP017154
ERR2212275,CC0,Cheese,Ireland,Europe,Paired,NextSeq 500,2010148140,PRJEB15423,SAMEA104414155,TEAGASC,ERX2266628,SAMEA104414155,ERP017154
ERR2212276,CC15,Cheese,Ireland,Europe,Paired,NextSeq 500,1755460559,PRJEB15423,SAMEA104414156,TEAGASC,ERX2266629,SAMEA104414156,ERP017154
ERR2212277,CC24,Cheese,Ireland,Europe,Paired,NextSeq 500,1299133180,PRJEB15423,SAMEA104414157,TEAGASC,ERX2266630,SAMEA104414157,ERP017154
ERR2212278,CC30,Cheese,Ireland,Europe,Paired,NextSeq 500,1262674916,PRJEB15423,SAMEA104414158,TEAGASC,ERX2266631,SAMEA104414158,ERP017154
ERR2212279,DA0,Cheese,Ireland,Europe,Paired,NextSeq 500,2548532767,PRJEB15423,SAMEA104414159,TEAGASC,ERX2266632,SAMEA104414159,ERP017154
ERR2212280,DA15,Cheese,Ireland,Europe,Paired,NextSeq 500,1759426467,PRJEB15423,SAMEA104414160,TEAGASC,ERX2266633,SAMEA104414160,ERP017154
ERR2212281,DA24,Cheese,Ireland,Europe,Paired,NextSeq 500,3204939508,PRJEB15423,SAMEA104414161,TEAGASC,ERX2266634,SAMEA104414161,ERP017154
ERR2212282,DA30,Cheese,Ireland,Europe,Paired,NextSeq 500,3228294178,PRJEB15423,SAMEA104414162,TEAGASC,ERX2266635,SAMEA104414162,ERP017154
ERR2212283,DB0,Cheese,Ireland,Europe,Paired,NextSeq 500,1380101901,PRJEB15423,SAMEA104414163,TEAGASC,ERX2266636,SAMEA104414163,ERP017154
ERR2212284,DB15,Cheese,Ireland,Europe,Paired,NextSeq 500,1907911529,PRJEB15423,SAMEA104414164,TEAGASC,ERX2266637,SAMEA104414164,ERP017154
ERR2212285,DB24,Cheese,Ireland,Europe,Paired,NextSeq 500,2610199588,PRJEB15423,SAMEA104414165,TEAGASC,ERX2266638,SAMEA104414165,ERP017154
ERR2212286,DB30,Cheese,Ireland,Europe,Paired,NextSeq 500,1626751078,PRJEB15423,SAMEA104414166,TEAGASC,ERX2266639,SAMEA104414166,ERP017154
ERR2212287,DC0,Cheese,Ireland,Europe,Paired,NextSeq 500,3020873169,PRJEB15423,SAMEA104414167,TEAGASC,ERX2266640,SAMEA104414167,ERP017154
ERR2212288,DC15,Cheese,Ireland,Europe,Paired,NextSeq 500,4089110507,PRJEB15423,SAMEA104414168,TEAGASC,ERX2266641,SAMEA104414168,ERP017154
ERR2212289,DC24,Cheese,Ireland,Europe,Paired,NextSeq 500,3296027066,PRJEB15423,SAMEA104414169,TEAGASC,ERX2266642,SAMEA104414169,ERP017154
ERR2212290,DC30,Cheese,Ireland,Europe,Paired,NextSeq 500,5436140586,PRJEB15423,SAMEA104414170,TEAGASC,ERX2266643,SAMEA104414170,ERP017154
ERR2212291,SA0,Cheese,Ireland,Europe,Paired,NextSeq 500,4808070807,PRJEB15423,SAMEA104414171,TEAGASC,ERX2266644,SAMEA104414171,ERP017154
ERR2212292,SA15,Cheese,Ireland,Europe,Paired,NextSeq 500,4792324171,PRJEB15423,SAMEA104414172,TEAGASC,ERX2266645,SAMEA104414172,ERP017154
ERR2212293,SA24,Cheese,Ireland,Europe,Paired,NextSeq 500,877284269,PRJEB15423,SAMEA104414173,TEAGASC,ERX2266646,SAMEA104414173,ERP017154
ERR2212294,SA30,Cheese,Ireland,Europe,Paired,NextSeq 500,3645268102,PRJEB15423,SAMEA104414174,TEAGASC,ERX2266647,SAMEA104414174,ERP017154
ERR2212296,SB15,Cheese,Ireland,Europe,Paired,NextSeq 500,1235932911,PRJEB15423,SAMEA104414175,TEAGASC,ERX2266648,SAMEA104414175,ERP017154
ERR2212297,SB24,Cheese,Ireland,Europe,Paired,NextSeq 500,2420006876,PRJEB15423,SAMEA104414176,TEAGASC,ERX2266649,SAMEA104414176,ERP017154
ERR2212298,SB30,Cheese,Ireland,Europe,Paired,NextSeq 500,1006910343,PRJEB15423,SAMEA104414178,TEAGASC,ERX2266651,SAMEA104414178,ERP017154
ERR2212299,SC0,Cheese,Ireland,Europe,Paired,NextSeq 500,2381556748,PRJEB15423,SAMEA104414179,TEAGASC,ERX2266652,SAMEA104414179,ERP017154
ERR2212300,SC15,Cheese,Ireland,Europe,Paired,NextSeq 500,3780168314,PRJEB15423,SAMEA104414180,TEAGASC,ERX2266653,SAMEA104414180,ERP017154
ERR2212301,SC24,Cheese,Ireland,Europe,Paired,NextSeq 500,2362448054,PRJEB15423,SAMEA104414181,TEAGASC,ERX2266654,SAMEA104414181,ERP017154
ERR2212302,SC30,Cheese,Ireland,Europe,Paired,NextSeq 500,2147264853,PRJEB15423,SAMEA104414182,TEAGASC,ERX2266655,SAMEA104414182,ERP017154
ERR2286738,nextseq_i24hd4,Milk kefir,Ireland,Europe,Paired,NextSeq 500,3317407184,PRJEB22610,SAMEA104293482,TEAGASC,ERX2338264,SAMEA104293482,ERP104300
ERR2286739,nextseq_i24hd5,Milk kefir,Ireland,Europe,Paired,NextSeq 500,1954823350,PRJEB22610,SAMEA104293483,TEAGASC,ERX2338265,SAMEA104293483,ERP104300
ERR2286740,nextseq_i24hd6,Milk kefir,Ireland,Europe,Paired,NextSeq 500,2060295944,PRJEB22610,SAMEA104293484,TEAGASC,ERX2338266,SAMEA104293484,ERP104300
ERR2286741,nextseq_Mock,Milk kefir,Ireland,Europe,Paired,NextSeq 500,1343399284,PRJEB22610,SAMEA104293485,TEAGASC,ERX2338267,SAMEA104293485,ERP104300
ERR2286742,nextseq_u24hd4,Milk kefir,Ireland,Europe,Paired,NextSeq 500,1708824720,PRJEB22610,SAMEA104293486,TEAGASC,ERX2338268,SAMEA104293486,ERP104300
ERR2286743,nextseq_u24hd5,Milk kefir,Ireland,Europe,Paired,NextSeq 500,1785057070,PRJEB22610,SAMEA104293487,TEAGASC,ERX2338269,SAMEA104293487,ERP104300
ERR2286744,nextseq_u24hd6,Milk kefir,Ireland,Europe,Paired,NextSeq 500,2011547708,PRJEB22610,SAMEA104293488,TEAGASC,ERX2338270,SAMEA104293488,ERP104300
ERR3340746,CS_1,Cheese,Ireland,Europe,Paired,NextSeq 500,1362309920,PRJEB32768,SAMEA5662701,TEAGASC,ERX3365436,SAMEA5662701,ERP115482
ERR3340747,CS_10,Cheese,Ireland,Europe,Paired,NextSeq 500,1356040400,PRJEB32768,SAMEA5662702,TEAGASC,ERX3365437,SAMEA5662702,ERP115482
ERR3340748,CS_11,Cheese,Ireland,Europe,Paired,NextSeq 500,1228298326,PRJEB32768,SAMEA5662703,TEAGASC,ERX3365438,SAMEA5662703,ERP115482
ERR3340749,CS_12,Cheese,Ireland,Europe,Paired,NextSeq 500,1374999658,PRJEB32768,SAMEA5662704,TEAGASC,ERX3365439,SAMEA5662704,ERP115482
ERR3340750,CS_13,Cheese,Ireland,Europe,Paired,NextSeq 500,938124646,PRJEB32768,SAMEA5662735,TEAGASC,ERX3365440,SAMEA5662735,ERP115482
ERR3340751,CS_14,Cheese,Ireland,Europe,Paired,NextSeq 500,1286452050,PRJEB32768,SAMEA5662705,TEAGASC,ERX3365441,SAMEA5662705,ERP115482
ERR3340752,CS_15,Cheese,Ireland,Europe,Paired,NextSeq 500,1200060118,PRJEB32768,SAMEA5662736,TEAGASC,ERX3365442,SAMEA5662736,ERP115482
ERR3340753,CS_16,Cheese,Ireland,Europe,Paired,NextSeq 500,979876448,PRJEB32768,SAMEA5662706,TEAGASC,ERX3365443,SAMEA5662706,ERP115482
ERR3340754,CS_17,Cheese,Ireland,Europe,Paired,NextSeq 500,1305008742,PRJEB32768,SAMEA5662707,TEAGASC,ERX3365444,SAMEA5662707,ERP115482
ERR3340755,CS_18,Cheese,Ireland,Europe,Paired,NextSeq 500,1190733452,PRJEB32768,SAMEA5662708,TEAGASC,ERX3365445,SAMEA5662708,ERP115482
ERR3340756,CS_19,Cheese,Ireland,Europe,Paired,NextSeq 500,819942382,PRJEB32768,SAMEA5662709,TEAGASC,ERX3365446,SAMEA5662709,ERP115482
ERR3340757,CS_2,Cheese,Ireland,Europe,Paired,NextSeq 500,1674794152,PRJEB32768,SAMEA5662710,TEAGASC,ERX3365447,SAMEA5662710,ERP115482
ERR3340758,CS_20,Cheese,Ireland,Europe,Paired,NextSeq 500,1035308548,PRJEB32768,SAMEA5662737,TEAGASC,ERX3365448,SAMEA5662737,ERP115482
ERR3340759,CS_21,Cheese,Ireland,Europe,Paired,NextSeq 500,1140265930,PRJEB32768,SAMEA5662738,TEAGASC,ERX3365449,SAMEA5662738,ERP115482
ERR3340760,CS_22,Cheese,Ireland,Europe,Paired,NextSeq 500,898481408,PRJEB32768,SAMEA5662739,TEAGASC,ERX3365450,SAMEA5662739,ERP115482
ERR3340761,CS_23,Cheese,Ireland,Europe,Paired,NextSeq 500,1260571254,PRJEB32768,SAMEA5662740,TEAGASC,ERX3365451,SAMEA5662740,ERP115482
ERR3340762,CS_24,Cheese,Ireland,Europe,Paired,NextSeq 500,1058725628,PRJEB32768,SAMEA5662741,TEAGASC,ERX3365452,SAMEA5662741,ERP115482
ERR3340763,CS_25,Cheese,Ireland,Europe,Paired,NextSeq 500,470221550,PRJEB32768,SAMEA5662742,TEAGASC,ERX3365453,SAMEA5662742,ERP115482
ERR3340764,CS_26,Cheese,Ireland,Europe,Paired,NextSeq 500,1173976076,PRJEB32768,SAMEA5662743,TEAGASC,ERX3365454,SAMEA5662743,ERP115482
ERR3340765,CS_27,Cheese,Ireland,Europe,Paired,NextSeq 500,1112369284,PRJEB32768,SAMEA5662711,TEAGASC,ERX3365455,SAMEA5662711,ERP115482
ERR3340766,CS_28,Cheese,Ireland,Europe,Paired,NextSeq 500,737325148,PRJEB32768,SAMEA5662744,TEAGASC,ERX3365456,SAMEA5662744,ERP115482
ERR3340767,CS_29,Cheese,Ireland,Europe,Paired,NextSeq 500,992154560,PRJEB32768,SAMEA5662745,TEAGASC,ERX3365457,SAMEA5662745,ERP115482
ERR3340768,CS_3,Cheese,Ireland,Europe,Paired,NextSeq 500,959020026,PRJEB32768,SAMEA5662746,TEAGASC,ERX3365458,SAMEA5662746,ERP115482
ERR3340769,CS_30,Cheese,Ireland,Europe,Paired,NextSeq 500,1299723138,PRJEB32768,SAMEA5662712,TEAGASC,ERX3365459,SAMEA5662712,ERP115482
ERR3340770,CS_31,Cheese,Ireland,Europe,Paired,NextSeq 500,1578244148,PRJEB32768,SAMEA5662713,TEAGASC,ERX3365460,SAMEA5662713,ERP115482
ERR3340771,CS_32,Cheese,Ireland,Europe,Paired,NextSeq 500,359155614,PRJEB32768,SAMEA5662747,TEAGASC,ERX3365461,SAMEA5662747,ERP115482
ERR3340772,CS_33,Cheese,Ireland,Europe,Paired,NextSeq 500,977183514,PRJEB32768,SAMEA5662748,TEAGASC,ERX3365462,SAMEA5662748,ERP115482
ERR3340773,CS_34,Cheese,Ireland,Europe,Paired,NextSeq 500,1140586956,PRJEB32768,SAMEA5662714,TEAGASC,ERX3365463,SAMEA5662714,ERP115482
ERR3340774,CS_35,Cheese,Ireland,Europe,Paired,NextSeq 500,1062004140,PRJEB32768,SAMEA5662715,TEAGASC,ERX3365464,SAMEA5662715,ERP115482
ERR3340775,CS_36,Cheese,Ireland,Europe,Paired,NextSeq 500,1264987400,PRJEB32768,SAMEA5662716,TEAGASC,ERX3365465,SAMEA5662716,ERP115482
ERR3340776,CS_37,Cheese,Ireland,Europe,Paired,NextSeq 500,955352840,PRJEB32768,SAMEA5662717,TEAGASC,ERX3365466,SAMEA5662717,ERP115482
ERR3340777,CS_38,Cheese,Ireland,Europe,Paired,NextSeq 500,666444540,PRJEB32768,SAMEA5662718,TEAGASC,ERX3365467,SAMEA5662718,ERP115482
ERR3340778,CS_39,Cheese,Ireland,Europe,Paired,NextSeq 500,1216728404,PRJEB32768,SAMEA5662719,TEAGASC,ERX3365468,SAMEA5662719,ERP115482
ERR3340779,CS_4,Cheese,Ireland,Europe,Paired,NextSeq 500,1238406568,PRJEB32768,SAMEA5662749,TEAGASC,ERX3365469,SAMEA5662749,ERP115482
ERR3340780,CS_40,Cheese,Ireland,Europe,Paired,NextSeq 500,1671667848,PRJEB32768,SAMEA5662720,TEAGASC,ERX3365470,SAMEA5662720,ERP115482
ERR3340781,CS_41,Cheese,Ireland,Europe,Paired,NextSeq 500,1221091700,PRJEB32768,SAMEA5662750,TEAGASC,ERX3365471,SAMEA5662750,ERP115482
ERR3340782,CS_42,Cheese,Ireland,Europe,Paired,NextSeq 500,797099706,PRJEB32768,SAMEA5662721,TEAGASC,ERX3365472,SAMEA5662721,ERP115482
ERR3340783,CS_43,Cheese,Ireland,Europe,Paired,NextSeq 500,815605360,PRJEB32768,SAMEA5662751,TEAGASC,ERX3365473,SAMEA5662751,ERP115482
ERR3340784,CS_44,Cheese,Ireland,Europe,Paired,NextSeq 500,726108868,PRJEB32768,SAMEA5662752,TEAGASC,ERX3365474,SAMEA5662752,ERP115482
ERR3340785,CS_45,Cheese,Ireland,Europe,Paired,NextSeq 500,1261411720,PRJEB32768,SAMEA5662753,TEAGASC,ERX3365475,SAMEA5662753,ERP115482
ERR3340786,CS_46,Cheese,Ireland,Europe,Paired,NextSeq 500,613537462,PRJEB32768,SAMEA5662761,TEAGASC,ERX3365476,SAMEA5662761,ERP115482
ERR3340787,CS_47,Cheese,Ireland,Europe,Paired,NextSeq 500,798953382,PRJEB32768,SAMEA5662762,TEAGASC,ERX3365477,SAMEA5662762,ERP115482
ERR3340788,CS_48,Cheese,Ireland,Europe,Paired,NextSeq 500,173475444,PRJEB32768,SAMEA5662763,TEAGASC,ERX3365478,SAMEA5662763,ERP115482
ERR3340789,CS_49,Cheese,Ireland,Europe,Paired,NextSeq 500,823364646,PRJEB32768,SAMEA5662764,TEAGASC,ERX3365479,SAMEA5662764,ERP115482
ERR3340790,CS_5,Cheese,Ireland,Europe,Paired,NextSeq 500,1301786100,PRJEB32768,SAMEA5662722,TEAGASC,ERX3365480,SAMEA5662722,ERP115482
ERR3340791,CS_50,Cheese,Ireland,Europe,Paired,NextSeq 500,735968866,PRJEB32768,SAMEA5662765,TEAGASC,ERX3365481,SAMEA5662765,ERP115482
ERR3340792,CS_51,Cheese,Ireland,Europe,Paired,NextSeq 500,1873121176,PRJEB32768,SAMEA5662766,TEAGASC,ERX3365482,SAMEA5662766,ERP115482
ERR3340793,CS_52,Cheese,Ireland,Europe,Paired,NextSeq 500,832559640,PRJEB32768,SAMEA5662767,TEAGASC,ERX3365483,SAMEA5662767,ERP115482
ERR3340794,CS_53,Cheese,Ireland,Europe,Paired,NextSeq 500,736632662,PRJEB32768,SAMEA5662768,TEAGASC,ERX3365484,SAMEA5662768,ERP115482
ERR3340795,CS_54,Cheese,Ireland,Europe,Paired,NextSeq 500,764553468,PRJEB32768,SAMEA5662769,TEAGASC,ERX3365485,SAMEA5662769,ERP115482
ERR3340796,CS_55,Cheese,Ireland,Europe,Paired,NextSeq 500,623368468,PRJEB32768,SAMEA5662770,TEAGASC,ERX3365486,SAMEA5662770,ERP115482
ERR3340797,CS_6,Cheese,Ireland,Europe,Paired,NextSeq 500,970020678,PRJEB32768,SAMEA5662723,TEAGASC,ERX3365487,SAMEA5662723,ERP115482
ERR3340798,CS_7,Cheese,Ireland,Europe,Paired,NextSeq 500,983382366,PRJEB32768,SAMEA5662724,TEAGASC,ERX3365488,SAMEA5662724,ERP115482
ERR3340799,CS_8,Cheese,Ireland,Europe,Paired,NextSeq 500,780005600,PRJEB32768,SAMEA5662725,TEAGASC,ERX3365489,SAMEA5662725,ERP115482
ERR3340800,CS_9,Cheese,Ireland,Europe,Paired,NextSeq 500,1098681134,PRJEB32768,SAMEA5662726,TEAGASC,ERX3365490,SAMEA5662726,ERP115482
ERR3340801,CS_R15,Cheese,Ireland,Europe,Paired,NextSeq 500,1468176624,PRJEB32768,SAMEA5662771,TEAGASC,ERX3365491,SAMEA5662771,ERP115482
ERR3340802,CS_R16,Cheese,Ireland,Europe,Paired,NextSeq 500,1093448682,PRJEB32768,SAMEA5662727,TEAGASC,ERX3365492,SAMEA5662727,ERP115482
ERR3340803,CS_R17,Cheese,Ireland,Europe,Paired,NextSeq 500,529886180,PRJEB32768,SAMEA5662728,TEAGASC,ERX3365493,SAMEA5662728,ERP115482
ERR3340804,CS_R2,Cheese,Ireland,Europe,Paired,NextSeq 500,963815182,PRJEB32768,SAMEA5662729,TEAGASC,ERX3365494,SAMEA5662729,ERP115482
ERR3340805,CS_R28,Cheese,Ireland,Europe,Paired,NextSeq 500,636698446,PRJEB32768,SAMEA5662754,TEAGASC,ERX3365495,SAMEA5662754,ERP115482
ERR3340806,CS_R30,Cheese,Ireland,Europe,Paired,NextSeq 500,925700970,PRJEB32768,SAMEA5662730,TEAGASC,ERX3365496,SAMEA5662730,ERP115482
ERR3340807,CS_R32,Cheese,Ireland,Europe,Paired,NextSeq 500,665359756,PRJEB32768,SAMEA5662755,TEAGASC,ERX3365497,SAMEA5662755,ERP115482
ERR3340808,CS_R33,Cheese,Ireland,Europe,Paired,NextSeq 500,1292375176,PRJEB32768,SAMEA5662756,TEAGASC,ERX3365498,SAMEA5662756,ERP115482
ERR3340809,CS_R36,Cheese,Ireland,Europe,Paired,NextSeq 500,690420320,PRJEB32768,SAMEA5662731,TEAGASC,ERX3365499,SAMEA5662731,ERP115482
ERR3340810,CS_R4,Cheese,Ireland,Europe,Paired,NextSeq 500,726083500,PRJEB32768,SAMEA5662757,TEAGASC,ERX3365500,SAMEA5662757,ERP115482
ERR3340811,CS_R41,Cheese,Ireland,Europe,Paired,NextSeq 500,294055588,PRJEB32768,SAMEA5662758,TEAGASC,ERX3365501,SAMEA5662758,ERP115482
ERR3340812,CS_R42,Cheese,Ireland,Europe,Paired,NextSeq 500,685172164,PRJEB32768,SAMEA5662732,TEAGASC,ERX3365502,SAMEA5662732,ERP115482
ERR3340813,CS_R44,Cheese,Ireland,Europe,Paired,NextSeq 500,1863959704,PRJEB32768,SAMEA5662759,TEAGASC,ERX3365503,SAMEA5662759,ERP115482
ERR3340814,CS_R45,Cheese,Ireland,Europe,Paired,NextSeq 500,914481670,PRJEB32768,SAMEA5662760,TEAGASC,ERX3365504,SAMEA5662760,ERP115482
ERR3340815,CS_R46,Cheese,Ireland,Europe,Paired,NextSeq 500,854176498,PRJEB32768,SAMEA5662772,TEAGASC,ERX3365505,SAMEA5662772,ERP115482
ERR3340816,CS_R47,Cheese,Ireland,Europe,Paired,NextSeq 500,736020810,PRJEB32768,SAMEA5662773,TEAGASC,ERX3365506,SAMEA5662773,ERP115482
ERR3340817,CS_R48,Cheese,Ireland,Europe,Paired,NextSeq 500,571596306,PRJEB32768,SAMEA5662774,TEAGASC,ERX3365507,SAMEA5662774,ERP115482
ERR3340818,CS_R49,Cheese,Ireland,Europe,Paired,NextSeq 500,923898332,PRJEB32768,SAMEA5662775,TEAGASC,ERX3365508,SAMEA5662775,ERP115482
ERR3340819,CS_R52,Cheese,Ireland,Europe,Paired,NextSeq 500,3184856062,PRJEB32768,SAMEA5662776,TEAGASC,ERX3365509,SAMEA5662776,ERP115482
ERR3340820,CS_R53,Cheese,Ireland,Europe,Paired,NextSeq 500,848910826,PRJEB32768,SAMEA5662777,TEAGASC,ERX3365510,SAMEA5662777,ERP115482
ERR3340821,CS_R7,Cheese,Ireland,Europe,Paired,NextSeq 500,1084407708,PRJEB32768,SAMEA5662733,TEAGASC,ERX3365511,SAMEA5662733,ERP115482
ERR3340822,CS_R9,Cheese,Ireland,Europe,Paired,NextSeq 500,913996356,PRJEB32768,SAMEA5662734,TEAGASC,ERX3365512,SAMEA5662734,ERP115482
ERR3850050,49,Cheese,Ireland,Europe,Paired,NextSeq 500,1250000000,PRJEB35062,SAMEA6503740,TEAGASC FOOD RESEARCH CENTRE,ERX3862612,SAMEA6503740,ERP118054
ERR3850051,50,Cheese,Ireland,Europe,Paired,NextSeq 500,2163307842,PRJEB35062,SAMEA6503741,TEAGASC FOOD RESEARCH CENTRE,ERX3862613,SAMEA6503741,ERP118054
ERR3850052,57,Cheese,Ireland,Europe,Paired,NextSeq 500,1888579348,PRJEB35062,SAMEA6503742,TEAGASC FOOD RESEARCH CENTRE,ERX3862614,SAMEA6503742,ERP118054
ERR3850053,59,Cheese,Ireland,Europe,Paired,NextSeq 500,1280839682,PRJEB35062,SAMEA6503743,TEAGASC FOOD RESEARCH CENTRE,ERX3862615,SAMEA6503743,ERP118054
ERR3850054,64,Cheese,Ireland,Europe,Paired,NextSeq 500,2399545832,PRJEB35062,SAMEA6503744,TEAGASC FOOD RESEARCH CENTRE,ERX3862616,SAMEA6503744,ERP118054
ERR3850055,65,Cheese,Ireland,Europe,Paired,NextSeq 500,2237106978,PRJEB35062,SAMEA6503745,TEAGASC FOOD RESEARCH CENTRE,ERX3862617,SAMEA6503745,ERP118054
ERR3850056,66,Cheese,Ireland,Europe,Paired,NextSeq 500,1575256764,PRJEB35062,SAMEA6503746,TEAGASC FOOD RESEARCH CENTRE,ERX3862618,SAMEA6503746,ERP118054
ERR3850057,77,Cheese,Ireland,Europe,Paired,NextSeq 500,1704812952,PRJEB35062,SAMEA6503747,TEAGASC FOOD RESEARCH CENTRE,ERX3862619,SAMEA6503747,ERP118054
ERR3850058,78,Cheese,Ireland,Europe,Paired,NextSeq 500,2587079376,PRJEB35062,SAMEA6503748,TEAGASC FOOD RESEARCH CENTRE,ERX3862620,SAMEA6503748,ERP118054
ERR3850059,79,Cheese,Ireland,Europe,Paired,NextSeq 500,2431887012,PRJEB35062,SAMEA6503749,TEAGASC FOOD RESEARCH CENTRE,ERX3862621,SAMEA6503749,ERP118054
ERR3850060,80,Cheese,Ireland,Europe,Paired,NextSeq 500,2594067656,PRJEB35062,SAMEA6503750,TEAGASC FOOD RESEARCH CENTRE,ERX3862622,SAMEA6503750,ERP118054
ERR3850061,81,Cheese,Ireland,Europe,Paired,NextSeq 500,464000000,PRJEB35062,SAMEA6503751,TEAGASC FOOD RESEARCH CENTRE,ERX3862623,SAMEA6503751,ERP118054
ERR3850062,AV1,Cheese,Ireland,Europe,Paired,NextSeq 500,1194263228,PRJEB35062,SAMEA6503752,TEAGASC FOOD RESEARCH CENTRE,ERX3862624,SAMEA6503752,ERP118054
ERR3850093,AV14,Cheese,Ireland,Europe,Paired,NextSeq 500,1746629382,PRJEB35062,SAMEA6503783,TEAGASC FOOD RESEARCH CENTRE,ERX3862655,SAMEA6503783,ERP118054
ERR3850095,AV17,Cheese,Ireland,Europe,Paired,NextSeq 500,1677341824,PRJEB35062,SAMEA6503785,TEAGASC FOOD RESEARCH CENTRE,ERX3862657,SAMEA6503785,ERP118054
ERR3850096,AV2,Cheese,Ireland,Europe,Paired,NextSeq 500,1218547652,PRJEB35062,SAMEA6503786,TEAGASC FOOD RESEARCH CENTRE,ERX3862658,SAMEA6503786,ERP118054
ERR3850097,AV31,Cheese,Ireland,Europe,Paired,NextSeq 500,1962273388,PRJEB35062,SAMEA6503787,TEAGASC FOOD RESEARCH CENTRE,ERX3862659,SAMEA6503787,ERP118054
ERR3850098,AV35,Cheese,Ireland,Europe,Paired,NextSeq 500,2855623514,PRJEB35062,SAMEA6503788,TEAGASC FOOD RESEARCH CENTRE,ERX3862660,SAMEA6503788,ERP118054
ERR3850099,AV36,Cheese,Ireland,Europe,Paired,NextSeq 500,1629789508,PRJEB35062,SAMEA6503789,TEAGASC FOOD RESEARCH CENTRE,ERX3862661,SAMEA6503789,ERP118054
ERR3850100,AV37,Cheese,Ireland,Europe,Paired,NextSeq 500,1385285778,PRJEB35062,SAMEA6503790,TEAGASC FOOD RESEARCH CENTRE,ERX3862662,SAMEA6503790,ERP118054
ERR3850101,AV39,Cheese,Ireland,Europe,Paired,NextSeq 500,1445873622,PRJEB35062,SAMEA6503791,TEAGASC FOOD RESEARCH CENTRE,ERX3862663,SAMEA6503791,ERP118054
ERR3850102,AV40,Cheese,Ireland,Europe,Paired,NextSeq 500,1060000000,PRJEB35062,SAMEA6503792,TEAGASC FOOD RESEARCH CENTRE,ERX3862664,SAMEA6503792,ERP118054
ERR3850103,AV41,Cheese,Ireland,Europe,Paired,NextSeq 500,1497746652,PRJEB35062,SAMEA6503793,TEAGASC FOOD RESEARCH CENTRE,ERX3862665,SAMEA6503793,ERP118054
ERR3850104,AV43,Cheese,Ireland,Europe,Paired,NextSeq 500,1090454352,PRJEB35062,SAMEA6503794,TEAGASC FOOD RESEARCH CENTRE,ERX3862666,SAMEA6503794,ERP118054
ERR3850105,AV45,Cheese,Ireland,Europe,Paired,NextSeq 500,2250529368,PRJEB35062,SAMEA6503795,TEAGASC FOOD RESEARCH CENTRE,ERX3862667,SAMEA6503795,ERP118054
ERR3850106,AV48,Cheese,Ireland,Europe,Paired,NextSeq 500,636700000,PRJEB35062,SAMEA6503796,TEAGASC FOOD RESEARCH CENTRE,ERX3862668,SAMEA6503796,ERP118054
ERR3850107,AV49,Cheese,Ireland,Europe,Paired,NextSeq 500,1312568708,PRJEB35062,SAMEA6503797,TEAGASC FOOD RESEARCH CENTRE,ERX3862669,SAMEA6503797,ERP118054
ERR3850108,AV53,Cheese,Ireland,Europe,Paired,NextSeq 500,1383594880,PRJEB35062,SAMEA6503798,TEAGASC FOOD RESEARCH CENTRE,ERX3862670,SAMEA6503798,ERP118054
ERR3850109,AV54,Cheese,Ireland,Europe,Paired,NextSeq 500,5694885272,PRJEB35062,SAMEA6503799,TEAGASC FOOD RESEARCH CENTRE,ERX3862671,SAMEA6503799,ERP118054
ERR3850110,AV55,Cheese,Ireland,Europe,Paired,NextSeq 500,1477389436,PRJEB35062,SAMEA6503800,TEAGASC FOOD RESEARCH CENTRE,ERX3862672,SAMEA6503800,ERP118054
SRR11605259,yogurt 9,Yogurt,Italy,Europe,Paired,NextSeq 500,2192242200,PRJNA603575,SAMN14677892,UNIVERSITY OF NAPLES FEDERICO II,SRX8171769,Y009,SRP258112
SRR11605260,yogurt 8,Yogurt,Italy,Europe,Paired,NextSeq 500,2378393700,PRJNA603575,SAMN14677891,UNIVERSITY OF NAPLES FEDERICO II,SRX8171768,Y008,SRP258112
SRR11605261,yogurt 7,Yogurt,Italy,Europe,Paired,NextSeq 500,1953684300,PRJNA603575,SAMN14677890,UNIVERSITY OF NAPLES FEDERICO II,SRX8171767,Y007,SRP258112
SRR11605264,yogurt 6,Yogurt,Italy,Europe,Paired,NextSeq 500,2846002200,PRJNA603575,SAMN14677889,UNIVERSITY OF NAPLES FEDERICO II,SRX8171764,Y006,SRP258112
SRR11605265,yogurt 5,Yogurt,Italy,Europe,Paired,NextSeq 500,1845219900,PRJNA603575,SAMN14677888,UNIVERSITY OF NAPLES FEDERICO II,SRX8171763,Y005,SRP258112
SRR11605266,yogurt 4,Yogurt,Italy,Europe,Paired,NextSeq 500,2320354200,PRJNA603575,SAMN14677887,UNIVERSITY OF NAPLES FEDERICO II,SRX8171762,Y004,SRP258112
SRR11605267,yogurt 3,Yogurt,Italy,Europe,Paired,NextSeq 500,1602546300,PRJNA603575,SAMN14677886,UNIVERSITY OF NAPLES FEDERICO II,SRX8171761,Y003,SRP258112
SRR11605268,yogurt 2,Yogurt,Italy,Europe,Paired,NextSeq 500,1589190300,PRJNA603575,SAMN14677885,UNIVERSITY OF NAPLES FEDERICO II,SRX8171760,Y002,SRP258112
SRR11605269,yogurt 1,Yogurt,Italy,Europe,Paired,NextSeq 500,1480280700,PRJNA603575,SAMN14677884,UNIVERSITY OF NAPLES FEDERICO II,SRX8171759,Y001,SRP258112
SRR11605272,yogurt 12,Yogurt,Italy,Europe,Paired,NextSeq 500,2167555200,PRJNA603575,SAMN14677895,UNIVERSITY OF NAPLES FEDERICO II,SRX8171756,Y012,SRP258112
SRR11605273,yogurt 11,Yogurt,Italy,Europe,Paired,NextSeq 500,2239605900,PRJNA603575,SAMN14677894,UNIVERSITY OF NAPLES FEDERICO II,SRX8171755,Y011,SRP258112
SRR11605274,yogurt 10,Yogurt,Italy,Europe,Paired,NextSeq 500,1897314300,PRJNA603575,SAMN14677893,UNIVERSITY OF NAPLES FEDERICO II,SRX8171754,Y010,SRP258112
SRR11704906,F28,Chinese liquor,China,Asia,Paired,Illumina HiSeq 4000,20968638000,PRJNA630248,SAMN14829238,CHINA AGRICULTURAL UNIVERSITY,SRX8264357,F28,SRP260231
SRR11704907,F15,Chinese liquor,China,Asia,Paired,Illumina HiSeq 4000,20245975800,PRJNA630248,SAMN14829237,CHINA AGRICULTURAL UNIVERSITY,SRX8264356,F15,SRP260231
SRR11704908,F7,Chinese liquor,China,Asia,Paired,Illumina HiSeq 4000,19951174800,PRJNA630248,SAMN14829236,CHINA AGRICULTURAL UNIVERSITY,SRX8264355,F7,SRP260231
SRR11704909,F1,Chinese liquor,China,Asia,Paired,Illumina HiSeq 4000,21060178200,PRJNA630248,SAMN14829235,CHINA AGRICULTURAL UNIVERSITY,SRX8264354,F1,SRP260231
SRR2081070,0,Cheese,Mexico,America,Paired,Illumina HiSeq 2000,11635444794,PRJNA286900,SAMN03771674,UNIVERSIDAD NACIONAL AUTONOMA DE MEXICO,SRX1075648,metagenome_cotija_cheese,SRP059999
SRR7262867,lajiaojiang1,Chilli paste,China,Asia,Single,HiSeq X Ten,2541889200,PRJNA473190,SAMN09269773,INSTITUTE OF AGRO-PRODUCTS PROCESSING SCIENCE AND,SRX4167041,metagenome_lajiaojiang_salt10_1,SRP149765
SRR7262868,lajiaojiang2,Chilli paste,China,Asia,Single,HiSeq X Ten,2190913500,PRJNA473190,SAMN09269774,INSTITUTE OF AGRO-PRODUCTS PROCESSING SCIENCE AND,SRX4167040,metagenome_lajiaojiang_salt10_2,SRP149765
SRR7262871,lajiaojiang3,Chilli paste,China,Asia,Single,HiSeq X Ten,2048201400,PRJNA473190,SAMN09269775,INSTITUTE OF AGRO-PRODUCTS PROCESSING SCIENCE AND,SRX4167037,metagenome_lajiaojiang_salt15_1,SRP149765
SRR7262872,lajiaojiang6,Chilli paste,China,Asia,Single,HiSeq X Ten,1838047200,PRJNA473190,SAMN09269778,INSTITUTE OF AGRO-PRODUCTS PROCESSING SCIENCE AND,SRX4167036,metagenome_lajiaojiang_salt20_2,SRP149765
SRR7262876,lajiaojiang7,Chilli paste,China,Asia,Single,HiSeq X Ten,1790397300,PRJNA473190,SAMN09269779,INSTITUTE OF AGRO-PRODUCTS PROCESSING SCIENCE AND,SRX4167032,metagenome_lajiaojiang_salt25_1,SRP149765
SRR7262877,lajiaojiang5,Chilli paste,China,Asia,Single,HiSeq X Ten,1952934900,PRJNA473190,SAMN09269777,INSTITUTE OF AGRO-PRODUCTS PROCESSING SCIENCE AND,SRX4167031,metagenome_lajiaojiang_salt20_1,SRP149765
SRR7262878,lajiaojiang4,Chilli paste,China,Asia,Single,HiSeq X Ten,1976670900,PRJNA473190,SAMN09269776,INSTITUTE OF AGRO-PRODUCTS PROCESSING SCIENCE AND,SRX4167030,metagenome_lajiaojiang_salt15_2,SRP149765
SRR8731938,B4,Koumiss,China,Asia,Single,Illumina HiSeq 2000,4854508606,PRJNA527179,SAMN11130137,INNER MONGOLIA AGRICULTURAL UNIVERSITY,SRX5524805,B4,SRP188491
SRR8731939,B3,Koumiss,China,Asia,Single,Illumina HiSeq 2000,3800574656,PRJNA527179,SAMN11130136,INNER MONGOLIA AGRICULTURAL UNIVERSITY,SRX5524804,B3,SRP188491
SRR8731940,B2,Koumiss,China,Asia,Single,Illumina HiSeq 2000,4603636731,PRJNA527179,SAMN11130135,INNER MONGOLIA AGRICULTURAL UNIVERSITY,SRX5524803,B2,SRP188491
SRR8731941,B1,Koumiss,China,Asia,Single,Illumina HiSeq 2000,4497801440,PRJNA527179,SAMN11130134,INNER MONGOLIA AGRICULTURAL UNIVERSITY,SRX5524802,B1,SRP188491
SRR8731942,B7,Koumiss,China,Asia,Single,Illumina HiSeq 2000,4321898993,PRJNA527179,SAMN11130139,INNER MONGOLIA AGRICULTURAL UNIVERSITY,SRX5524801,B7,SRP188491
SRR8731943,B5,Koumiss,China,Asia,Single,Illumina HiSeq 2000,4061986051,PRJNA527179,SAMN11130138,INNER MONGOLIA AGRICULTURAL UNIVERSITY,SRX5524800,B5,SRP188491
SRR8830666,MA,Bean paste,India,Asia,Paired,Illumina HiSeq 2500,1706711100,PRJNA529966,SAMN11289617,CENTER OF INNOVATIVE AND APPLIED BIOPROCESSING (CIAB),SRX5618977,MA,SRP190006
SRR8830667,JJ,Bean paste,India,Asia,Paired,Illumina HiSeq 2500,1283138100,PRJNA529966,SAMN11289618,CENTER OF INNOVATIVE AND APPLIED BIOPROCESSING (CIAB),SRX5618976,JJ,SRP190006
SRR8830668,SO,Bean paste,India,Asia,Paired,Illumina HiSeq 2500,1804171500,PRJNA529966,SAMN11289615,CENTER OF INNOVATIVE AND APPLIED BIOPROCESSING (CIAB),SRX5618975,SO,SRP190006
SRR8830669,DJ,Bean paste,India,Asia,Paired,Illumina HiSeq 2500,3675480900,PRJNA529966,SAMN11289616,CENTER OF INNOVATIVE AND APPLIED BIOPROCESSING (CIAB),SRX5618974,DJ,SRP190006
SRR9701327,L-M2,Sourdough,China,Asia,Paired,Illumina HiSeq 2500,15767061600,PRJNA554763,SAMN12283268,HARBIN UNIVERSITY OF COMMERCE,SRX6459355,M2,SRP215175
SRR9701328,L-M2,Sourdough,China,Asia,Paired,Illumina HiSeq 2500,14700000000,PRJNA554763,SAMN12283300,HARBIN UNIVERSITY OF COMMERCE,SRX6459354,M1,SRP215175
ERR1981166,Nunu10,Nunu,Ghana,Africa,Paired,Illumina MiSeq,502507522,PRJEB20873,SAMEA104075947,TEAGASC,ERX2041572,SAMEA104075947,ERP023064
ERR1981167,Nunu9,Nunu,Ghana,Africa,Paired,Illumina MiSeq,463622100,PRJEB20873,SAMEA104075946,TEAGASC,ERX2041573,SAMEA104075946,ERP023064
ERR1981168,Nunu8,Nunu,Ghana,Africa,Paired,Illumina MiSeq,584074490,PRJEB20873,SAMEA104075945,TEAGASC,ERX2041574,SAMEA104075945,ERP023064
ERR1981169,Nunu7,Nunu,Ghana,Africa,Paired,Illumina MiSeq,375019602,PRJEB20873,SAMEA104075944,TEAGASC,ERX2041575,SAMEA104075944,ERP023064
ERR1981170,Nunu6,Nunu,Ghana,Africa,Paired,Illumina MiSeq,422158908,PRJEB20873,SAMEA104075943,TEAGASC,ERX2041576,SAMEA104075943,ERP023064
ERR1981171,Nunu5,Nunu,Ghana,Africa,Paired,Illumina MiSeq,484341648,PRJEB20873,SAMEA104075942,TEAGASC,ERX2041577,SAMEA104075942,ERP023064
ERR1981172,Nunu4,Nunu,Ghana,Africa,Paired,Illumina MiSeq,419108254,PRJEB20873,SAMEA104075941,TEAGASC,ERX2041578,SAMEA104075941,ERP023064
ERR1981173,Nunu3,Nunu,Ghana,Africa,Paired,Illumina MiSeq,433301300,PRJEB20873,SAMEA104075940,TEAGASC,ERX2041579,SAMEA104075940,ERP023064
ERR1981174,Nunu2,Nunu,Ghana,Africa,Paired,Illumina MiSeq,533713348,PRJEB20873,SAMEA104075939,TEAGASC,ERX2041580,SAMEA104075939,ERP023064
ERR1981175,Nunu1,Nunu,Ghana,Africa,Paired,Illumina MiSeq,527124598,PRJEB20873,SAMEA104075938,TEAGASC,ERX2041581,SAMEA104075938,ERP023064
ERR2014805,Nunu10,Nunu,Ghana,Africa,Paired,Illumina MiSeq,502507522,PRJEB20873,SAMEA104075947,TEAGASC,ERX2074387,SAMEA104075947,ERP023064
ERR2014806,Nunu9,Nunu,Ghana,Africa,Paired,Illumina MiSeq,463622100,PRJEB20873,SAMEA104075946,TEAGASC,ERX2074388,SAMEA104075946,ERP023064
ERR2014807,Nunu8,Nunu,Ghana,Africa,Paired,Illumina MiSeq,584074490,PRJEB20873,SAMEA104075945,TEAGASC,ERX2074389,SAMEA104075945,ERP023064
ERR2014808,Nunu7,Nunu,Ghana,Africa,Paired,Illumina MiSeq,375019602,PRJEB20873,SAMEA104075944,TEAGASC,ERX2074390,SAMEA104075944,ERP023064
ERR2014809,Nunu6,Nunu,Ghana,Africa,Paired,Illumina MiSeq,422158908,PRJEB20873,SAMEA104075943,TEAGASC,ERX2074391,SAMEA104075943,ERP023064
ERR2014810,Nunu5,Nunu,Ghana,Africa,Paired,Illumina MiSeq,484341648,PRJEB20873,SAMEA104075942,TEAGASC,ERX2074392,SAMEA104075942,ERP023064
ERR2014811,Nunu4,Nunu,Ghana,Africa,Paired,Illumina MiSeq,419108254,PRJEB20873,SAMEA104075941,TEAGASC,ERX2074393,SAMEA104075941,ERP023064
ERR2014812,Nunu3,Nunu,Ghana,Africa,Paired,Illumina MiSeq,433301300,PRJEB20873,SAMEA104075940,TEAGASC,ERX2074394,SAMEA104075940,ERP023064
ERR2014813,Nunu2,Nunu,Ghana,Africa,Paired,Illumina MiSeq,533713348,PRJEB20873,SAMEA104075939,TEAGASC,ERX2074395,SAMEA104075939,ERP023064
ERR2014814,Nunu1,Nunu,Ghana,Africa,Paired,Illumina MiSeq,527124598,PRJEB20873,SAMEA104075938,TEAGASC,ERX2074396,SAMEA104075938,ERP023064
ERR2212303,D1,Cheese,Ireland,Europe,Paired,Illumina MiSeq,933465988,PRJEB15423,SAMEA104414183,TEAGASC,ERX2266656,SAMEA104414183,ERP017154
ERR2212304,D2,Cheese,Ireland,Europe,Paired,Illumina MiSeq,599821728,PRJEB15423,SAMEA104414184,TEAGASC,ERX2266657,SAMEA104414184,ERP017154
ERR2212305,D3,Cheese,Ireland,Europe,Paired,Illumina MiSeq,860200092,PRJEB15423,SAMEA104414185,TEAGASC,ERX2266658,SAMEA104414185,ERP017154
ERR2212306,S1,Cheese,Ireland,Europe,Paired,Illumina MiSeq,633453218,PRJEB15423,SAMEA104414186,TEAGASC,ERX2266659,SAMEA104414186,ERP017154
ERR2212307,S2,Cheese,Ireland,Europe,Paired,Illumina MiSeq,1142935026,PRJEB15423,SAMEA104414187,TEAGASC,ERX2266660,SAMEA104414187,ERP017154
ERR2212308,S3,Cheese,Ireland,Europe,Paired,Illumina MiSeq,671130326,PRJEB15423,SAMEA104414188,TEAGASC,ERX2266661,SAMEA104414188,ERP017154
ERR1653129,"Shotgun: UK3\, 8 hours",Milk kefir,United Kingdom,Europe,Single,Illumina MiSeq,454939226,PRJEB15432,SAMEA4443186,TEAGASC,ERX1723445,SAMEA4443186,ERP017163
ERR1653130,"Shotgun: Fr1\, 24 hours Day 2",Milk kefir,France,Europe,Single,Illumina MiSeq,502311208,PRJEB15432,SAMEA4443187,TEAGASC,ERX1723446,SAMEA4443187,ERP017163
ERR1653131,"Shotgun: Ick\, 24 hours Day 2",Milk kefir,Ireland,Europe,Single,Illumina MiSeq,241634974,PRJEB15432,SAMEA4443188,TEAGASC,ERX1723447,SAMEA4443188,ERP017163
ERR1653132,"Shotgun: UK3\, 24 hours Day 2",Milk kefir,United Kingdom,Europe,Single,Illumina MiSeq,317433998,PRJEB15432,SAMEA4443189,TEAGASC,ERX1723448,SAMEA4443189,ERP017163
ERR1653133,"Shotgun: 0 hours\, Day 3",Milk kefir,Ireland,Europe,Single,Illumina MiSeq,410540823,PRJEB15432,SAMEA4443190,TEAGASC,ERX1723449,SAMEA4443190,ERP017163
ERR1653134,"Shotgun: 0 hours\, Day 1",Milk kefir,Ireland,Europe,Single,Illumina MiSeq,159849060,PRJEB15432,SAMEA4443191,TEAGASC,ERX1723450,SAMEA4443191,ERP017163
ERR1653135,"Shotgun: Fr1\, 24 hours Day 3",Milk kefir,France,Europe,Single,Illumina MiSeq,230875729,PRJEB15432,SAMEA4443192,TEAGASC,ERX1723451,SAMEA4443192,ERP017163
ERR1653136,"Shotgun: Ick\, 24 hours Day 3",Milk kefir,Ireland,Europe,Single,Illumina MiSeq,282535456,PRJEB15432,SAMEA4443193,TEAGASC,ERX1723452,SAMEA4443193,ERP017163
ERR1653137,"Shotgun: UK3\, 24 hours Day 3",Milk kefir,United Kingdom,Europe,Single,Illumina MiSeq,330770706,PRJEB15432,SAMEA4443194,TEAGASC,ERX1723453,SAMEA4443194,ERP017163
ERR1653138,"Shotgun: Fr1\, grain",Milk kefir,France,Europe,Single,Illumina MiSeq,363366297,PRJEB15432,SAMEA4443195,TEAGASC,ERX1723454,SAMEA4443195,ERP017163
ERR1653139,Shotgun: Ick (grain),Milk kefir,Ireland,Europe,Single,Illumina MiSeq,473945871,PRJEB15432,SAMEA4443196,TEAGASC,ERX1723455,SAMEA4443196,ERP017163
ERR1653140,Shotgun: UK3 (grain),Milk kefir,United Kingdom,Europe,Single,Illumina MiSeq,327730907,PRJEB15432,SAMEA4443197,TEAGASC,ERX1723456,SAMEA4443197,ERP017163
ERR1653141,"Shotgun: Fr1\, 24 hours\, Day 1",Milk kefir,France,Europe,Single,Illumina MiSeq,112451192,PRJEB15432,SAMEA4443198,TEAGASC,ERX1723457,SAMEA4443198,ERP017163
ERR1653142,"Shotgun: Ick\, 24 hours Day 1",Milk kefir,Ireland,Europe,Single,Illumina MiSeq,359941519,PRJEB15432,SAMEA4443199,TEAGASC,ERX1723458,SAMEA4443199,ERP017163
ERR1653143,"Shotgun: UK3\, 24 hours Day 1",Milk kefir,United Kingdom,Europe,Single,Illumina MiSeq,231449435,PRJEB15432,SAMEA4443200,TEAGASC,ERX1723459,SAMEA4443200,ERP017163
ERR1653144,"Shotgun: 0 hours\, Day 2",Milk kefir,Ireland,Europe,Single,Illumina MiSeq,417257939,PRJEB15432,SAMEA4443201,TEAGASC,ERX1723460,SAMEA4443201,ERP017163
ERR1653145,"Shotgun: Fr1\, 8 hours",Milk kefir,France,Europe,Single,Illumina MiSeq,226225279,PRJEB15432,SAMEA4443202,TEAGASC,ERX1723461,SAMEA4443202,ERP017163
ERR1653146,"Shotgun: Ick\, 8 hours",Milk kefir,Ireland,Europe,Single,Illumina MiSeq,364486017,PRJEB15432,SAMEA4443203,TEAGASC,ERX1723462,SAMEA4443203,ERP017163
ERR2119683,miseq_i24hd5,Milk kefir,Ireland,Europe,Paired,Illumina MiSeq,487043886,PRJEB22610,SAMEA104293476,TEAGASC,ERX2176535,SAMEA104293476,ERP104300
ERR2119686,miseq_u24hd4,Milk kefir,Ireland,Europe,Paired,Illumina MiSeq,463984276,PRJEB22610,SAMEA104293479,TEAGASC,ERX2176538,SAMEA104293479,ERP104300
ERR2119687,miseq_u24hd5,Milk kefir,Ireland,Europe,Paired,Illumina MiSeq,636207446,PRJEB22610,SAMEA104293480,TEAGASC,ERX2176539,SAMEA104293480,ERP104300
ERR2119688,miseq_u24hd6,Milk kefir,Ireland,Europe,Paired,Illumina MiSeq,667179142,PRJEB22610,SAMEA104293481,TEAGASC,ERX2176540,SAMEA104293481,ERP104300
ERR2231567,unspecified,Coffee ,Ecuador,America,Paired,Illumina MiSeq,4710190126,PRJEB24129,SAMEA104450356,VRIJE UNIVERSITEIT BRUSSEL,ERX2284909,SAMEA104450356,ERP105934
ERR2231568,unspecified,Coffee ,Ecuador,America,Paired,Illumina MiSeq,5202398822,PRJEB24129,SAMEA104450357,VRIJE UNIVERSITEIT BRUSSEL,ERX2284910,SAMEA104450357,ERP105934
ERR2231569,unspecified,Coffee ,Ecuador,America,Paired,Illumina MiSeq,4985692637,PRJEB24129,SAMEA104450358,VRIJE UNIVERSITEIT BRUSSEL,ERX2284911,SAMEA104450358,ERP105934
ERR2231570,unspecified,Coffee ,Ecuador,America,Paired,Illumina MiSeq,5072404938,PRJEB24129,SAMEA104450359,VRIJE UNIVERSITEIT BRUSSEL,ERX2284912,SAMEA104450359,ERP105934
ERR2231571,unspecified,Coffee ,Ecuador,America,Paired,Illumina MiSeq,7325929746,PRJEB24129,SAMEA104450360,VRIJE UNIVERSITEIT BRUSSEL,ERX2284913,SAMEA104450360,ERP105934
ERR2231572,unspecified,Coffee ,Ecuador,America,Paired,Illumina MiSeq,4896561332,PRJEB24129,SAMEA104450361,VRIJE UNIVERSITEIT BRUSSEL,ERX2284914,SAMEA104450361,ERP105934
ERR2982980,Yoghurt-A,Yogurt,Ireland,Europe,Paired,Illumina MiSeq,877850848,PRJEB30083,SAMEA5147698,TEAGASC,ERX2985738,SAMEA5147698,ERP112494
ERR2982981,Yoghurt-B,Yogurt,Ireland,Europe,Paired,Illumina MiSeq,937583094,PRJEB30083,SAMEA5147699,TEAGASC,ERX2985739,SAMEA5147699,ERP112494
ERR2982982,Yoghurt-C,Yogurt,Ireland,Europe,Paired,Illumina MiSeq,976285072,PRJEB30083,SAMEA5147700,TEAGASC,ERX2985740,SAMEA5147700,ERP112494
ERR2982983,Yoghurt-D,Yogurt,Ireland,Europe,Paired,Illumina MiSeq,725615884,PRJEB30083,SAMEA5147701,TEAGASC,ERX2985741,SAMEA5147701,ERP112494
ERR2982984,Yoghurt-E,Yogurt,Ireland,Europe,Paired,Illumina MiSeq,870884504,PRJEB30083,SAMEA5147702,TEAGASC,ERX2985742,SAMEA5147702,ERP112494
SRR11362479,ganjang_metagenome_180,Soy sauce,Korean,Asia,Paired,Illumina MiSeq,4262873102,PRJNA613738,SAMN14419043,CHUNG-ANG UNIVIERSITY,SRX7963897,Ganjang,SRP253535
SRR11362480,ganjang_metagenome_90,Soy sauce,Korean,Asia,Paired,Illumina MiSeq,4526207570,PRJNA613738,SAMN14419043,CHUNG-ANG UNIVIERSITY,SRX7963896,Ganjang,SRP253535
SRR11362481,ganjang_metagenome_60,Soy sauce,Korean,Asia,Paired,Illumina MiSeq,2990937811,PRJNA613738,SAMN14419043,CHUNG-ANG UNIVIERSITY,SRX7963910,Ganjang,SRP253535
SRR11362492,ganjang_metagenom_40,Soy sauce,Korean,Asia,Paired,Illumina MiSeq,5033098327,PRJNA613738,SAMN14419043,CHUNG-ANG UNIVIERSITY,SRX7963909,Ganjang,SRP253535
SRR11362493,ganjang_metagenome_20,Soy sauce,Korean,Asia,Paired,Illumina MiSeq,2380466719,PRJNA613738,SAMN14419043,CHUNG-ANG UNIVIERSITY,SRX7963908,Ganjang,SRP253535
SRR256747,J1,Kimchi,Korean,Asia,Single,454 GS FLX Titanium,15480285,PRJNA50815,SAMN00623069,"DEPARTMENT OF LIFE SCIENCE, CHUNG-ANG UNIVERSITY",SRX072929,J1,SRP003198
SRR256748,J7,Kimchi,Korean,Asia,Single,454 GS FLX Titanium,21410356,PRJNA50815,SAMN00623070,"DEPARTMENT OF LIFE SCIENCE, CHUNG-ANG UNIVERSITY",SRX072930,J7,SRP003198
SRR256749,J13,Kimchi,Korean,Asia,Single,454 GS FLX Titanium,12991651,PRJNA50815,SAMN00623071,"DEPARTMENT OF LIFE SCIENCE, CHUNG-ANG UNIVERSITY",SRX072931,J13,SRP003198
SRR256750,J16,Kimchi,Korean,Asia,Single,454 GS FLX Titanium,17580221,PRJNA50815,SAMN00623072,"DEPARTMENT OF LIFE SCIENCE, CHUNG-ANG UNIVERSITY",SRX072932,J16,SRP003198
SRR256751,J18,Kimchi,Korean,Asia,Single,454 GS FLX Titanium,10514729,PRJNA50815,SAMN00623073,"DEPARTMENT OF LIFE SCIENCE, CHUNG-ANG UNIVERSITY",SRX072933,J18,SRP003198
SRR256752,J21,Kimchi,Korean,Asia,Single,454 GS FLX Titanium,36444825,PRJNA50815,SAMN00623074,"DEPARTMENT OF LIFE SCIENCE, CHUNG-ANG UNIVERSITY",SRX072934,J21,SRP003198
SRR256753,J23,Kimchi,Korean,Asia,Single,454 GS FLX Titanium,37107247,PRJNA50815,SAMN00623075,"DEPARTMENT OF LIFE SCIENCE, CHUNG-ANG UNIVERSITY",SRX072935,J23,SRP003198
SRR256754,J25,Kimchi,Korean,Asia,Single,454 GS FLX Titanium,136517286,PRJNA50815,SAMN00623076,"DEPARTMENT OF LIFE SCIENCE, CHUNG-ANG UNIVERSITY",SRX072936,J25,SRP003198
SRR256755,J27,Kimchi,Korean,Asia,Single,454 GS FLX Titanium,65001643,PRJNA50815,SAMN00623077,"DEPARTMENT OF LIFE SCIENCE, CHUNG-ANG UNIVERSITY",SRX072937,J27,SRP003198
SRR256756,J29,Kimchi,Korean,Asia,Single,454 GS FLX Titanium,33487532,PRJNA50815,SAMN00623078,"DEPARTMENT OF LIFE SCIENCE, CHUNG-ANG UNIVERSITY",SRX072938,J29,SRP003198
SRR442026,unknow1,Cocoa,Belgium,Europe,Single,454 GS FLX Titanium,254393222,PRJNA83439,SAMN00809386,VRIJE UNIVERSITEIT BRUSSEL,SRX128127,30-h Cocoa Bean Fermentation Sample,SRP010819
SRR442027,unknow2,Cocoa,Belgium,Europe,Single,454 GS FLX Titanium,691511022,PRJNA83439,SAMN00809386,VRIJE UNIVERSITEIT BRUSSEL,SRX128127,30-h Cocoa Bean Fermentation Sample,SRP010819
ERR2102261,AP10,Kombucha,Turkey ,Asia,Paired,HiSeq X Ten,33170067018,PRJEB22200,SAMEA104222288,ISTANBUL UNIVERSITY,ERX2159572,SAMEA104222288,ERP024546
ERR2126384,AP15,Kombucha,Turkey ,Asia,Paired,HiSeq X Ten,32761012850,PRJEB22200,SAMEA104307662,ISTANBUL UNIVERSITY,ERX2183236,SAMEA104307662,ERP024546
ERR2133080,BP10,Kombucha,Turkey ,Asia,Paired,HiSeq X Ten,30788275162,PRJEB22200,SAMEA104312991,ISTANBUL UNIVERSITY,ERX2189932,SAMEA104312991,ERP024546
ERR2135449,AP3,Kombucha,Turkey ,Asia,Paired,HiSeq X Ten,30828452940,PRJEB22200,SAMEA104314608,ISTANBUL UNIVERSITY,ERX2192290,SAMEA104314608,ERP024546
ERR2135457,BS15,Kombucha,Turkey ,Asia,Paired,HiSeq X Ten,27369900318,PRJEB22200,SAMEA104314616,ISTANBUL UNIVERSITY,ERX2192298,SAMEA104314616,ERP024546
ERR2135518,AS3,Kombucha,Turkey ,Asia,Paired,HiSeq X Ten,30811996054,PRJEB22200,SAMEA104314677,ISTANBUL UNIVERSITY,ERX2192359,SAMEA104314677,ERP024546
ERR2135519,AS10,Kombucha,Turkey ,Asia,Paired,HiSeq X Ten,32785116980,PRJEB22200,SAMEA104314678,ISTANBUL UNIVERSITY,ERX2192360,SAMEA104314678,ERP024546
ERR2401479,BP3,Kombucha,Turkey ,Asia,Paired,HiSeq X Ten,36755940122,PRJEB22200,SAMEA104312846,ISTANBUL UNIVERSITY,ERX2442333,SAMEA104312846,ERP024546
ERR2401480,BP10,Kombucha,Turkey ,Asia,Paired,HiSeq X Ten,25440983434,PRJEB22200,SAMEA104312991,ISTANBUL UNIVERSITY,ERX2442334,SAMEA104312991,ERP024546
ERR2401481,BP15,Kombucha,Turkey ,Asia,Paired,HiSeq X Ten,26728686972,PRJEB22200,SAMEA104314602,ISTANBUL UNIVERSITY,ERX2442335,SAMEA104314602,ERP024546
ERR2401482,BS3,Kombucha,Turkey ,Asia,Paired,HiSeq X Ten,31393105964,PRJEB22200,SAMEA104314615,ISTANBUL UNIVERSITY,ERX2442336,SAMEA104314615,ERP024546
ERR2437613,BS10,Kombucha,Turkey ,Asia,Paired,HiSeq X Ten,23991845796,PRJEB22200,SAMEA104216920,ISTANBUL UNIVERSITY,ERX2457181,SAMEA104216920,ERP024546
ERR2437614,AS15,Kombucha,Turkey ,Asia,Paired,HiSeq X Ten,33593628058,PRJEB22200,SAMEA104314679,ISTANBUL UNIVERSITY,ERX2457182,SAMEA104314679,ERP024546